{"type":"FeatureCollection","features":[{"type":"Feature","properties":{"parcelNumber":"1","approximate":false},"geometry":{"type":"Point","coordinates":[35.27146,33.255341]}},{"type":"Feature","properties":{"parcelNumber":"2","approximate":false},"geometry":{"type":"Point","coordinates":[35.271543,33.254655]}},{"type":"Feature","properties":{"parcelNumber":"3","approximate":false},"geometry":{"type":"Point","coordinates":[35.271033,33.255098]}},{"type":"Feature","properties":{"parcelNumber":"4","approximate":false},"geometry":{"type":"Point","coordinates":[35.271177,33.254657]}},{"type":"Feature","properties":{"parcelNumber":"5","approximate":false},"geometry":{"type":"Point","coordinates":[35.270897,33.254479]}},{"type":"Feature","properties":{"parcelNumber":"6","approximate":false},"geometry":{"type":"Point","coordinates":[35.270911,33.254348]}},{"type":"Feature","properties":{"parcelNumber":"7","approximate":false},"geometry":{"type":"Point","coordinates":[35.271292,33.254396]}},{"type":"Feature","properties":{"parcelNumber":"8","approximate":false},"geometry":{"type":"Point","coordinates":[35.271224,33.254292]}},{"type":"Feature","properties":{"parcelNumber":"9","approximate":false},"geometry":{"type":"Point","coordinates":[35.270729,33.254164]}},{"type":"Feature","properties":{"parcelNumber":"10","approximate":false},"geometry":{"type":"Point","coordinates":[35.270729,33.254108]}},{"type":"Feature","properties":{"parcelNumber":"11","approximate":false},"geometry":{"type":"Point","coordinates":[35.270777,33.254153]}},{"type":"Feature","properties":{"parcelNumber":"12","approximate":false},"geometry":{"type":"Point","coordinates":[35.270855,33.254187]}},{"type":"Feature","properties":{"parcelNumber":"13","approximate":false},"geometry":{"type":"Point","coordinates":[35.270862,33.254098]}},{"type":"Feature","properties":{"parcelNumber":"14","approximate":false},"geometry":{"type":"Point","coordinates":[35.270954,33.254079]}},{"type":"Feature","properties":{"parcelNumber":"15","approximate":false},"geometry":{"type":"Point","coordinates":[35.271019,33.254012]}},{"type":"Feature","properties":{"parcelNumber":"16","approximate":false},"geometry":{"type":"Point","coordinates":[35.27096,33.253961]}},{"type":"Feature","properties":{"parcelNumber":"17","approximate":false},"geometry":{"type":"Point","coordinates":[35.270981,33.253831]}},{"type":"Feature","properties":{"parcelNumber":"18","approximate":false},"geometry":{"type":"Point","coordinates":[35.270883,33.253732]}},{"type":"Feature","properties":{"parcelNumber":"19","approximate":false},"geometry":{"type":"Point","coordinates":[35.270781,33.253636]}},{"type":"Feature","properties":{"parcelNumber":"20","approximate":false},"geometry":{"type":"Point","coordinates":[35.270745,33.25372]}},{"type":"Feature","properties":{"parcelNumber":"21","approximate":false},"geometry":{"type":"Point","coordinates":[35.270638,33.25381]}},{"type":"Feature","properties":{"parcelNumber":"22","approximate":false},"geometry":{"type":"Point","coordinates":[35.270653,33.253884]}},{"type":"Feature","properties":{"parcelNumber":"23","approximate":false},"geometry":{"type":"Point","coordinates":[35.270782,33.253813]}},{"type":"Feature","properties":{"parcelNumber":"24","approximate":false},"geometry":{"type":"Point","coordinates":[35.270744,33.253866]}},{"type":"Feature","properties":{"parcelNumber":"25","approximate":false},"geometry":{"type":"Point","coordinates":[35.270699,33.254059]}},{"type":"Feature","properties":{"parcelNumber":"26","approximate":false},"geometry":{"type":"Point","coordinates":[35.270708,33.253912]}},{"type":"Feature","properties":{"parcelNumber":"27","approximate":false},"geometry":{"type":"Point","coordinates":[35.270878,33.253817]}},{"type":"Feature","properties":{"parcelNumber":"28","approximate":false},"geometry":{"type":"Point","coordinates":[35.270793,33.253948]}},{"type":"Feature","properties":{"parcelNumber":"29","approximate":false},"geometry":{"type":"Point","coordinates":[35.270845,33.254002]}},{"type":"Feature","properties":{"parcelNumber":"30","approximate":false},"geometry":{"type":"Point","coordinates":[35.270837,33.253965]}},{"type":"Feature","properties":{"parcelNumber":"31","approximate":false},"geometry":{"type":"Point","coordinates":[35.27074,33.254022]}},{"type":"Feature","properties":{"parcelNumber":"32","approximate":false},"geometry":{"type":"Point","coordinates":[35.270747,33.253962]}},{"type":"Feature","properties":{"parcelNumber":"33","approximate":false},"geometry":{"type":"Point","coordinates":[35.270859,33.254025]}},{"type":"Feature","properties":{"parcelNumber":"34","approximate":false},"geometry":{"type":"Point","coordinates":[35.269771,33.254136]}},{"type":"Feature","properties":{"parcelNumber":"35","approximate":false},"geometry":{"type":"Point","coordinates":[35.270054,33.2541]}},{"type":"Feature","properties":{"parcelNumber":"36","approximate":false},"geometry":{"type":"Point","coordinates":[35.270302,33.254045]}},{"type":"Feature","properties":{"parcelNumber":"37","approximate":false},"geometry":{"type":"Point","coordinates":[35.269615,33.253945]}},{"type":"Feature","properties":{"parcelNumber":"38","approximate":false},"geometry":{"type":"Point","coordinates":[35.269563,33.253819]}},{"type":"Feature","properties":{"parcelNumber":"40","approximate":false},"geometry":{"type":"Point","coordinates":[35.269617,33.253805]}},{"type":"Feature","properties":{"parcelNumber":"41","approximate":false},"geometry":{"type":"Point","coordinates":[35.2699,33.253933]}},{"type":"Feature","properties":{"parcelNumber":"42","approximate":false},"geometry":{"type":"Point","coordinates":[35.269769,33.253811]}},{"type":"Feature","properties":{"parcelNumber":"43","approximate":false},"geometry":{"type":"Point","coordinates":[35.269719,33.253731]}},{"type":"Feature","properties":{"parcelNumber":"44","approximate":false},"geometry":{"type":"Point","coordinates":[35.269673,33.253684]}},{"type":"Feature","properties":{"parcelNumber":"45","approximate":false},"geometry":{"type":"Point","coordinates":[35.26987,33.253661]}},{"type":"Feature","properties":{"parcelNumber":"46","approximate":false},"geometry":{"type":"Point","coordinates":[35.269994,33.253605]}},{"type":"Feature","properties":{"parcelNumber":"47","approximate":false},"geometry":{"type":"Point","coordinates":[35.27002,33.253675]}},{"type":"Feature","properties":{"parcelNumber":"48","approximate":false},"geometry":{"type":"Point","coordinates":[35.269949,33.253754]}},{"type":"Feature","properties":{"parcelNumber":"49","approximate":false},"geometry":{"type":"Point","coordinates":[35.270052,33.25371]}},{"type":"Feature","properties":{"parcelNumber":"50","approximate":false},"geometry":{"type":"Point","coordinates":[35.270052,33.253808]}},{"type":"Feature","properties":{"parcelNumber":"51","approximate":false},"geometry":{"type":"Point","coordinates":[35.270131,33.253691]}},{"type":"Feature","properties":{"parcelNumber":"52","approximate":false},"geometry":{"type":"Point","coordinates":[35.270156,33.253814]}},{"type":"Feature","properties":{"parcelNumber":"53","approximate":false},"geometry":{"type":"Point","coordinates":[35.270333,33.253699]}},{"type":"Feature","properties":{"parcelNumber":"54","approximate":false},"geometry":{"type":"Point","coordinates":[35.270351,33.253777]}},{"type":"Feature","properties":{"parcelNumber":"55","approximate":false},"geometry":{"type":"Point","coordinates":[35.27025,33.253755]}},{"type":"Feature","properties":{"parcelNumber":"56","approximate":false},"geometry":{"type":"Point","coordinates":[35.270489,33.253821]}},{"type":"Feature","properties":{"parcelNumber":"58","approximate":false},"geometry":{"type":"Point","coordinates":[35.270394,33.253751]}},{"type":"Feature","properties":{"parcelNumber":"62","approximate":false},"geometry":{"type":"Point","coordinates":[35.270497,33.254003]}},{"type":"Feature","properties":{"parcelNumber":"63","approximate":false},"geometry":{"type":"Point","coordinates":[35.270457,33.254017]}},{"type":"Feature","properties":{"parcelNumber":"64","approximate":false},"geometry":{"type":"Point","coordinates":[35.269343,33.254078]}},{"type":"Feature","properties":{"parcelNumber":"65","approximate":false},"geometry":{"type":"Point","coordinates":[35.269165,33.254733]}},{"type":"Feature","properties":{"parcelNumber":"66","approximate":false},"geometry":{"type":"Point","coordinates":[35.270268,33.254667]}},{"type":"Feature","properties":{"parcelNumber":"67","approximate":false},"geometry":{"type":"Point","coordinates":[35.270541,33.254532]}},{"type":"Feature","properties":{"parcelNumber":"68","approximate":false},"geometry":{"type":"Point","coordinates":[35.27051,33.254679]}},{"type":"Feature","properties":{"parcelNumber":"69","approximate":false},"geometry":{"type":"Point","coordinates":[35.270534,33.254302]}},{"type":"Feature","properties":{"parcelNumber":"70","approximate":false},"geometry":{"type":"Point","coordinates":[35.270077,33.254188]}},{"type":"Feature","properties":{"parcelNumber":"71","approximate":false},"geometry":{"type":"Point","coordinates":[35.270123,33.254349]}},{"type":"Feature","properties":{"parcelNumber":"72","approximate":false},"geometry":{"type":"Point","coordinates":[35.269928,33.254455]}},{"type":"Feature","properties":{"parcelNumber":"73","approximate":false},"geometry":{"type":"Point","coordinates":[35.269773,33.254381]}},{"type":"Feature","properties":{"parcelNumber":"74","approximate":false},"geometry":{"type":"Point","coordinates":[35.269694,33.254511]}},{"type":"Feature","properties":{"parcelNumber":"75","approximate":false},"geometry":{"type":"Point","coordinates":[35.269693,33.254463]}},{"type":"Feature","properties":{"parcelNumber":"76","approximate":false},"geometry":{"type":"Point","coordinates":[35.269684,33.254405]}},{"type":"Feature","properties":{"parcelNumber":"77","approximate":false},"geometry":{"type":"Point","coordinates":[35.269681,33.254334]}},{"type":"Feature","properties":{"parcelNumber":"78","approximate":false},"geometry":{"type":"Point","coordinates":[35.26959,33.254443]}},{"type":"Feature","properties":{"parcelNumber":"79","approximate":false},"geometry":{"type":"Point","coordinates":[35.270512,33.254888]}},{"type":"Feature","properties":{"parcelNumber":"80","approximate":false},"geometry":{"type":"Point","coordinates":[35.270707,33.254963]}},{"type":"Feature","properties":{"parcelNumber":"81","approximate":false},"geometry":{"type":"Point","coordinates":[35.269992,33.254782]}},{"type":"Feature","properties":{"parcelNumber":"82","approximate":false},"geometry":{"type":"Point","coordinates":[35.270258,33.25519]}},{"type":"Feature","properties":{"parcelNumber":"83","approximate":false},"geometry":{"type":"Point","coordinates":[35.269391,33.254483]}},{"type":"Feature","properties":{"parcelNumber":"84","approximate":false},"geometry":{"type":"Point","coordinates":[35.269113,33.25442]}},{"type":"Feature","properties":{"parcelNumber":"85","approximate":false},"geometry":{"type":"Point","coordinates":[35.269161,33.254542]}},{"type":"Feature","properties":{"parcelNumber":"86","approximate":false},"geometry":{"type":"Point","coordinates":[35.270334,33.253571]}},{"type":"Feature","properties":{"parcelNumber":"87","approximate":false},"geometry":{"type":"Point","coordinates":[35.270257,33.253559]}},{"type":"Feature","properties":{"parcelNumber":"88","approximate":false},"geometry":{"type":"Point","coordinates":[35.270216,33.253604]}},{"type":"Feature","properties":{"parcelNumber":"89","approximate":false},"geometry":{"type":"Point","coordinates":[35.27019,33.253556]}},{"type":"Feature","properties":{"parcelNumber":"90","approximate":false},"geometry":{"type":"Point","coordinates":[35.270124,33.25359]}},{"type":"Feature","properties":{"parcelNumber":"91","approximate":false},"geometry":{"type":"Point","coordinates":[35.270136,33.253519]}},{"type":"Feature","properties":{"parcelNumber":"92","approximate":false},"geometry":{"type":"Point","coordinates":[35.270225,33.253509]}},{"type":"Feature","properties":{"parcelNumber":"93","approximate":false},"geometry":{"type":"Point","coordinates":[35.270293,33.253446]}},{"type":"Feature","properties":{"parcelNumber":"94","approximate":false},"geometry":{"type":"Point","coordinates":[35.270104,33.253462]}},{"type":"Feature","properties":{"parcelNumber":"95","approximate":false},"geometry":{"type":"Point","coordinates":[35.270231,33.253348]}},{"type":"Feature","properties":{"parcelNumber":"96","approximate":false},"geometry":{"type":"Point","coordinates":[35.270245,33.253287]}},{"type":"Feature","properties":{"parcelNumber":"97","approximate":false},"geometry":{"type":"Point","coordinates":[35.270201,33.253239]}},{"type":"Feature","properties":{"parcelNumber":"98","approximate":false},"geometry":{"type":"Point","coordinates":[35.270164,33.253182]}},{"type":"Feature","properties":{"parcelNumber":"99","approximate":false},"geometry":{"type":"Point","coordinates":[35.270072,33.253262]}},{"type":"Feature","properties":{"parcelNumber":"100","approximate":false},"geometry":{"type":"Point","coordinates":[35.270069,33.253206]}},{"type":"Feature","properties":{"parcelNumber":"101","approximate":false},"geometry":{"type":"Point","coordinates":[35.270143,33.253258]}},{"type":"Feature","properties":{"parcelNumber":"102","approximate":false},"geometry":{"type":"Point","coordinates":[35.269946,33.253112]}},{"type":"Feature","properties":{"parcelNumber":"103","approximate":false},"geometry":{"type":"Point","coordinates":[35.270091,33.253126]}},{"type":"Feature","properties":{"parcelNumber":"104","approximate":false},"geometry":{"type":"Point","coordinates":[35.269788,33.25309]}},{"type":"Feature","properties":{"parcelNumber":"105","approximate":false},"geometry":{"type":"Point","coordinates":[35.269968,33.253473]}},{"type":"Feature","properties":{"parcelNumber":"106","approximate":false},"geometry":{"type":"Point","coordinates":[35.270112,33.25335]}},{"type":"Feature","properties":{"parcelNumber":"107","approximate":false},"geometry":{"type":"Point","coordinates":[35.270012,33.253304]}},{"type":"Feature","properties":{"parcelNumber":"108","approximate":false},"geometry":{"type":"Point","coordinates":[35.269899,33.253312]}},{"type":"Feature","properties":{"parcelNumber":"109","approximate":false},"geometry":{"type":"Point","coordinates":[35.269957,33.253246]}},{"type":"Feature","properties":{"parcelNumber":"110","approximate":false},"geometry":{"type":"Point","coordinates":[35.269962,33.253373]}},{"type":"Feature","properties":{"parcelNumber":"111","approximate":false},"geometry":{"type":"Point","coordinates":[35.269828,33.253442]}},{"type":"Feature","properties":{"parcelNumber":"112","approximate":false},"geometry":{"type":"Point","coordinates":[35.269714,33.253518]}},{"type":"Feature","properties":{"parcelNumber":"113","approximate":false},"geometry":{"type":"Point","coordinates":[35.269697,33.253477]}},{"type":"Feature","properties":{"parcelNumber":"114","approximate":false},"geometry":{"type":"Point","coordinates":[35.269618,33.253547]}},{"type":"Feature","properties":{"parcelNumber":"115","approximate":false},"geometry":{"type":"Point","coordinates":[35.269578,33.253622]}},{"type":"Feature","properties":{"parcelNumber":"116","approximate":false},"geometry":{"type":"Point","coordinates":[35.269493,33.253582]}},{"type":"Feature","properties":{"parcelNumber":"117","approximate":false},"geometry":{"type":"Point","coordinates":[35.270616,33.255138]}},{"type":"Feature","properties":{"parcelNumber":"118","approximate":false},"geometry":{"type":"Point","coordinates":[35.269034,33.253297]}},{"type":"Feature","properties":{"parcelNumber":"119","approximate":false},"geometry":{"type":"Point","coordinates":[35.269268,33.252944]}},{"type":"Feature","properties":{"parcelNumber":"120","approximate":false},"geometry":{"type":"Point","coordinates":[35.269144,33.252821]}},{"type":"Feature","properties":{"parcelNumber":"121","approximate":true},"geometry":{"type":"Point","coordinates":[35.269441,33.253009]}},{"type":"Feature","properties":{"parcelNumber":"122","approximate":false},"geometry":{"type":"Point","coordinates":[35.269632,33.253031]}},{"type":"Feature","properties":{"parcelNumber":"123","approximate":false},"geometry":{"type":"Point","coordinates":[35.269273,33.253681]}},{"type":"Feature","properties":{"parcelNumber":"124","approximate":false},"geometry":{"type":"Point","coordinates":[35.270942,33.25272]}},{"type":"Feature","properties":{"parcelNumber":"125","approximate":false},"geometry":{"type":"Point","coordinates":[35.270807,33.253057]}},{"type":"Feature","properties":{"parcelNumber":"126","approximate":false},"geometry":{"type":"Point","coordinates":[35.270693,33.253296]}},{"type":"Feature","properties":{"parcelNumber":"127","approximate":false},"geometry":{"type":"Point","coordinates":[35.270683,33.2535]}},{"type":"Feature","properties":{"parcelNumber":"128","approximate":false},"geometry":{"type":"Point","coordinates":[35.270469,33.253298]}},{"type":"Feature","properties":{"parcelNumber":"129","approximate":false},"geometry":{"type":"Point","coordinates":[35.270595,33.253512]}},{"type":"Feature","properties":{"parcelNumber":"130","approximate":false},"geometry":{"type":"Point","coordinates":[35.270531,33.253516]}},{"type":"Feature","properties":{"parcelNumber":"131","approximate":false},"geometry":{"type":"Point","coordinates":[35.270569,33.253586]}},{"type":"Feature","properties":{"parcelNumber":"132","approximate":false},"geometry":{"type":"Point","coordinates":[35.270523,33.253637]}},{"type":"Feature","properties":{"parcelNumber":"133","approximate":false},"geometry":{"type":"Point","coordinates":[35.270494,33.253582]}},{"type":"Feature","properties":{"parcelNumber":"134","approximate":false},"geometry":{"type":"Point","coordinates":[35.270465,33.253527]}},{"type":"Feature","properties":{"parcelNumber":"135","approximate":false},"geometry":{"type":"Point","coordinates":[35.270505,33.253421]}},{"type":"Feature","properties":{"parcelNumber":"136","approximate":false},"geometry":{"type":"Point","coordinates":[35.270547,33.252949]}},{"type":"Feature","properties":{"parcelNumber":"137","approximate":false},"geometry":{"type":"Point","coordinates":[35.270275,33.252972]}},{"type":"Feature","properties":{"parcelNumber":"138","approximate":false},"geometry":{"type":"Point","coordinates":[35.27117,33.253344]}},{"type":"Feature","properties":{"parcelNumber":"139","approximate":false},"geometry":{"type":"Point","coordinates":[35.27141,33.253215]}},{"type":"Feature","properties":{"parcelNumber":"140","approximate":false},"geometry":{"type":"Point","coordinates":[35.27159,33.253264]}},{"type":"Feature","properties":{"parcelNumber":"141","approximate":false},"geometry":{"type":"Point","coordinates":[35.271601,33.253142]}},{"type":"Feature","properties":{"parcelNumber":"142","approximate":false},"geometry":{"type":"Point","coordinates":[35.271849,33.253049]}},{"type":"Feature","properties":{"parcelNumber":"143","approximate":false},"geometry":{"type":"Point","coordinates":[35.271814,33.253114]}},{"type":"Feature","properties":{"parcelNumber":"144","approximate":false},"geometry":{"type":"Point","coordinates":[35.271814,33.253159]}},{"type":"Feature","properties":{"parcelNumber":"145","approximate":false},"geometry":{"type":"Point","coordinates":[35.27176,33.253214]}},{"type":"Feature","properties":{"parcelNumber":"146","approximate":false},"geometry":{"type":"Point","coordinates":[35.271755,33.253121]}},{"type":"Feature","properties":{"parcelNumber":"147","approximate":false},"geometry":{"type":"Point","coordinates":[35.270155,33.254912]}},{"type":"Feature","properties":{"parcelNumber":"148","approximate":false},"geometry":{"type":"Point","coordinates":[35.27087,33.25328]}},{"type":"Feature","properties":{"parcelNumber":"150","approximate":false},"geometry":{"type":"Point","coordinates":[35.270096,33.252722]}},{"type":"Feature","properties":{"parcelNumber":"151","approximate":false},"geometry":{"type":"Point","coordinates":[35.270124,33.252986]}},{"type":"Feature","properties":{"parcelNumber":"152","approximate":false},"geometry":{"type":"Point","coordinates":[35.271717,33.253438]}},{"type":"Feature","properties":{"parcelNumber":"153","approximate":false},"geometry":{"type":"Point","coordinates":[35.271587,33.253399]}},{"type":"Feature","properties":{"parcelNumber":"154","approximate":false},"geometry":{"type":"Point","coordinates":[35.271734,33.25329]}},{"type":"Feature","properties":{"parcelNumber":"155","approximate":false},"geometry":{"type":"Point","coordinates":[35.271761,33.25361]}},{"type":"Feature","properties":{"parcelNumber":"156","approximate":false},"geometry":{"type":"Point","coordinates":[35.271688,33.253653]}},{"type":"Feature","properties":{"parcelNumber":"157","approximate":false},"geometry":{"type":"Point","coordinates":[35.271754,33.25357]}},{"type":"Feature","properties":{"parcelNumber":"158","approximate":false},"geometry":{"type":"Point","coordinates":[35.271556,33.253646]}},{"type":"Feature","properties":{"parcelNumber":"159","approximate":false},"geometry":{"type":"Point","coordinates":[35.271645,33.253524]}},{"type":"Feature","properties":{"parcelNumber":"160","approximate":false},"geometry":{"type":"Point","coordinates":[35.271516,33.253566]}},{"type":"Feature","properties":{"parcelNumber":"161","approximate":false},"geometry":{"type":"Point","coordinates":[35.271565,33.253563]}},{"type":"Feature","properties":{"parcelNumber":"162","approximate":false},"geometry":{"type":"Point","coordinates":[35.27154,33.253502]}},{"type":"Feature","properties":{"parcelNumber":"163","approximate":false},"geometry":{"type":"Point","coordinates":[35.271449,33.253455]}},{"type":"Feature","properties":{"parcelNumber":"164","approximate":false},"geometry":{"type":"Point","coordinates":[35.271467,33.253609]}},{"type":"Feature","properties":{"parcelNumber":"165","approximate":false},"geometry":{"type":"Point","coordinates":[35.271399,33.253565]}},{"type":"Feature","properties":{"parcelNumber":"166","approximate":false},"geometry":{"type":"Point","coordinates":[35.271384,33.25351]}},{"type":"Feature","properties":{"parcelNumber":"167","approximate":false},"geometry":{"type":"Point","coordinates":[35.271315,33.25354]}},{"type":"Feature","properties":{"parcelNumber":"168","approximate":false},"geometry":{"type":"Point","coordinates":[35.271262,33.253513]}},{"type":"Feature","properties":{"parcelNumber":"169","approximate":false},"geometry":{"type":"Point","coordinates":[35.271153,33.253501]}},{"type":"Feature","properties":{"parcelNumber":"170","approximate":false},"geometry":{"type":"Point","coordinates":[35.271207,33.253518]}},{"type":"Feature","properties":{"parcelNumber":"171","approximate":false},"geometry":{"type":"Point","coordinates":[35.2714,33.253397]}},{"type":"Feature","properties":{"parcelNumber":"172","approximate":false},"geometry":{"type":"Point","coordinates":[35.271534,33.252983]}},{"type":"Feature","properties":{"parcelNumber":"173","approximate":false},"geometry":{"type":"Point","coordinates":[35.271586,33.252917]}},{"type":"Feature","properties":{"parcelNumber":"174","approximate":false},"geometry":{"type":"Point","coordinates":[35.271454,33.252937]}},{"type":"Feature","properties":{"parcelNumber":"175","approximate":false},"geometry":{"type":"Point","coordinates":[35.271576,33.252874]}},{"type":"Feature","properties":{"parcelNumber":"179","approximate":false},"geometry":{"type":"Point","coordinates":[35.271708,33.252959]}},{"type":"Feature","properties":{"parcelNumber":"180","approximate":true},"geometry":{"type":"Point","coordinates":[35.271528,33.252725]}},{"type":"Feature","properties":{"parcelNumber":"181","approximate":true},"geometry":{"type":"Point","coordinates":[35.271688,33.252792]}},{"type":"Feature","properties":{"parcelNumber":"182","approximate":false},"geometry":{"type":"Point","coordinates":[35.271771,33.252506]}},{"type":"Feature","properties":{"parcelNumber":"183","approximate":false},"geometry":{"type":"Point","coordinates":[35.271894,33.252352]}},{"type":"Feature","properties":{"parcelNumber":"184","approximate":false},"geometry":{"type":"Point","coordinates":[35.271474,33.254202]}},{"type":"Feature","properties":{"parcelNumber":"185","approximate":false},"geometry":{"type":"Point","coordinates":[35.271364,33.254187]}},{"type":"Feature","properties":{"parcelNumber":"186","approximate":false},"geometry":{"type":"Point","coordinates":[35.271464,33.254147]}},{"type":"Feature","properties":{"parcelNumber":"187","approximate":false},"geometry":{"type":"Point","coordinates":[35.271461,33.254094]}},{"type":"Feature","properties":{"parcelNumber":"188","approximate":false},"geometry":{"type":"Point","coordinates":[35.271357,33.254043]}},{"type":"Feature","properties":{"parcelNumber":"189","approximate":false},"geometry":{"type":"Point","coordinates":[35.271469,33.254025]}},{"type":"Feature","properties":{"parcelNumber":"190","approximate":false},"geometry":{"type":"Point","coordinates":[35.271412,33.25407]}},{"type":"Feature","properties":{"parcelNumber":"191","approximate":false},"geometry":{"type":"Point","coordinates":[35.271317,33.254207]}},{"type":"Feature","properties":{"parcelNumber":"192","approximate":false},"geometry":{"type":"Point","coordinates":[35.271319,33.254156]}},{"type":"Feature","properties":{"parcelNumber":"193","approximate":false},"geometry":{"type":"Point","coordinates":[35.271262,33.254191]}},{"type":"Feature","properties":{"parcelNumber":"194","approximate":false},"geometry":{"type":"Point","coordinates":[35.271219,33.254152]}},{"type":"Feature","properties":{"parcelNumber":"195","approximate":false},"geometry":{"type":"Point","coordinates":[35.271106,33.254165]}},{"type":"Feature","properties":{"parcelNumber":"196","approximate":false},"geometry":{"type":"Point","coordinates":[35.271083,33.254102]}},{"type":"Feature","properties":{"parcelNumber":"197","approximate":false},"geometry":{"type":"Point","coordinates":[35.27115,33.254076]}},{"type":"Feature","properties":{"parcelNumber":"198","approximate":false},"geometry":{"type":"Point","coordinates":[35.271283,33.254073]}},{"type":"Feature","properties":{"parcelNumber":"199","approximate":false},"geometry":{"type":"Point","coordinates":[35.2712,33.254019]}},{"type":"Feature","properties":{"parcelNumber":"200","approximate":false},"geometry":{"type":"Point","coordinates":[35.271127,33.25393]}},{"type":"Feature","properties":{"parcelNumber":"201","approximate":false},"geometry":{"type":"Point","coordinates":[35.271205,33.253956]}},{"type":"Feature","properties":{"parcelNumber":"202","approximate":false},"geometry":{"type":"Point","coordinates":[35.271092,33.25397]}},{"type":"Feature","properties":{"parcelNumber":"203","approximate":false},"geometry":{"type":"Point","coordinates":[35.271113,33.253989]}},{"type":"Feature","properties":{"parcelNumber":"204","approximate":false},"geometry":{"type":"Point","coordinates":[35.271267,33.253951]}},{"type":"Feature","properties":{"parcelNumber":"205","approximate":false},"geometry":{"type":"Point","coordinates":[35.271302,33.25399]}},{"type":"Feature","properties":{"parcelNumber":"206","approximate":false},"geometry":{"type":"Point","coordinates":[35.271407,33.253945]}},{"type":"Feature","properties":{"parcelNumber":"207","approximate":false},"geometry":{"type":"Point","coordinates":[35.271324,33.253935]}},{"type":"Feature","properties":{"parcelNumber":"208","approximate":false},"geometry":{"type":"Point","coordinates":[35.271442,33.253873]}},{"type":"Feature","properties":{"parcelNumber":"209","approximate":false},"geometry":{"type":"Point","coordinates":[35.271468,33.253725]}},{"type":"Feature","properties":{"parcelNumber":"210","approximate":false},"geometry":{"type":"Point","coordinates":[35.271321,33.253856]}},{"type":"Feature","properties":{"parcelNumber":"211","approximate":false},"geometry":{"type":"Point","coordinates":[35.271373,33.253771]}},{"type":"Feature","properties":{"parcelNumber":"212","approximate":false},"geometry":{"type":"Point","coordinates":[35.271402,33.253679]}},{"type":"Feature","properties":{"parcelNumber":"213","approximate":false},"geometry":{"type":"Point","coordinates":[35.271341,33.253624]}},{"type":"Feature","properties":{"parcelNumber":"214","approximate":false},"geometry":{"type":"Point","coordinates":[35.27132,33.253691]}},{"type":"Feature","properties":{"parcelNumber":"215","approximate":false},"geometry":{"type":"Point","coordinates":[35.271243,33.253718]}},{"type":"Feature","properties":{"parcelNumber":"216","approximate":false},"geometry":{"type":"Point","coordinates":[35.271229,33.253666]}},{"type":"Feature","properties":{"parcelNumber":"217","approximate":false},"geometry":{"type":"Point","coordinates":[35.271162,33.253748]}},{"type":"Feature","properties":{"parcelNumber":"218","approximate":false},"geometry":{"type":"Point","coordinates":[35.271216,33.253785]}},{"type":"Feature","properties":{"parcelNumber":"219","approximate":false},"geometry":{"type":"Point","coordinates":[35.271249,33.253865]}},{"type":"Feature","properties":{"parcelNumber":"220","approximate":false},"geometry":{"type":"Point","coordinates":[35.271187,33.253878]}},{"type":"Feature","properties":{"parcelNumber":"221","approximate":false},"geometry":{"type":"Point","coordinates":[35.271198,33.253838]}},{"type":"Feature","properties":{"parcelNumber":"222","approximate":false},"geometry":{"type":"Point","coordinates":[35.271152,33.253799]}},{"type":"Feature","properties":{"parcelNumber":"223","approximate":false},"geometry":{"type":"Point","coordinates":[35.271148,33.253859]}},{"type":"Feature","properties":{"parcelNumber":"224","approximate":false},"geometry":{"type":"Point","coordinates":[35.271105,33.253873]}},{"type":"Feature","properties":{"parcelNumber":"225","approximate":false},"geometry":{"type":"Point","coordinates":[35.271087,33.253782]}},{"type":"Feature","properties":{"parcelNumber":"226","approximate":false},"geometry":{"type":"Point","coordinates":[35.271061,33.253848]}},{"type":"Feature","properties":{"parcelNumber":"227","approximate":false},"geometry":{"type":"Point","coordinates":[35.271041,33.253734]}},{"type":"Feature","properties":{"parcelNumber":"228","approximate":false},"geometry":{"type":"Point","coordinates":[35.271032,33.253681]}},{"type":"Feature","properties":{"parcelNumber":"229","approximate":false},"geometry":{"type":"Point","coordinates":[35.271097,33.253718]}},{"type":"Feature","properties":{"parcelNumber":"230","approximate":false},"geometry":{"type":"Point","coordinates":[35.271048,33.253588]}},{"type":"Feature","properties":{"parcelNumber":"231","approximate":false},"geometry":{"type":"Point","coordinates":[35.271136,33.253629]}},{"type":"Feature","properties":{"parcelNumber":"232","approximate":false},"geometry":{"type":"Point","coordinates":[35.270948,33.253654]}},{"type":"Feature","properties":{"parcelNumber":"233","approximate":false},"geometry":{"type":"Point","coordinates":[35.270932,33.25357]}},{"type":"Feature","properties":{"parcelNumber":"234","approximate":false},"geometry":{"type":"Point","coordinates":[35.27083,33.253509]}},{"type":"Feature","properties":{"parcelNumber":"235","approximate":false},"geometry":{"type":"Point","coordinates":[35.271619,33.254035]}},{"type":"Feature","properties":{"parcelNumber":"236","approximate":false},"geometry":{"type":"Point","coordinates":[35.271599,33.253929]}},{"type":"Feature","properties":{"parcelNumber":"237","approximate":false},"geometry":{"type":"Point","coordinates":[35.271587,33.253795]}},{"type":"Feature","properties":{"parcelNumber":"238","approximate":false},"geometry":{"type":"Point","coordinates":[35.271655,33.253761]}},{"type":"Feature","properties":{"parcelNumber":"239","approximate":false},"geometry":{"type":"Point","coordinates":[35.271697,33.253816]}},{"type":"Feature","properties":{"parcelNumber":"240","approximate":false},"geometry":{"type":"Point","coordinates":[35.271717,33.253908]}},{"type":"Feature","properties":{"parcelNumber":"241","approximate":false},"geometry":{"type":"Point","coordinates":[35.271612,33.253868]}},{"type":"Feature","properties":{"parcelNumber":"242","approximate":false},"geometry":{"type":"Point","coordinates":[35.27158,33.253739]}},{"type":"Feature","properties":{"parcelNumber":"243","approximate":false},"geometry":{"type":"Point","coordinates":[35.271716,33.254183]}},{"type":"Feature","properties":{"parcelNumber":"244","approximate":false},"geometry":{"type":"Point","coordinates":[35.271681,33.254132]}},{"type":"Feature","properties":{"parcelNumber":"245","approximate":false},"geometry":{"type":"Point","coordinates":[35.271767,33.254037]}},{"type":"Feature","properties":{"parcelNumber":"246","approximate":false},"geometry":{"type":"Point","coordinates":[35.271743,33.253705]}},{"type":"Feature","properties":{"parcelNumber":"247","approximate":false},"geometry":{"type":"Point","coordinates":[35.271818,33.253704]}},{"type":"Feature","properties":{"parcelNumber":"248","approximate":false},"geometry":{"type":"Point","coordinates":[35.271857,33.253641]}},{"type":"Feature","properties":{"parcelNumber":"249","approximate":false},"geometry":{"type":"Point","coordinates":[35.271924,33.25364]}},{"type":"Feature","properties":{"parcelNumber":"250","approximate":false},"geometry":{"type":"Point","coordinates":[35.271935,33.25367]}},{"type":"Feature","properties":{"parcelNumber":"251","approximate":false},"geometry":{"type":"Point","coordinates":[35.271881,33.253733]}},{"type":"Feature","properties":{"parcelNumber":"252","approximate":false},"geometry":{"type":"Point","coordinates":[35.271849,33.253679]}},{"type":"Feature","properties":{"parcelNumber":"253","approximate":false},"geometry":{"type":"Point","coordinates":[35.271892,33.253666]}},{"type":"Feature","properties":{"parcelNumber":"254","approximate":false},"geometry":{"type":"Point","coordinates":[35.271817,33.253743]}},{"type":"Feature","properties":{"parcelNumber":"255","approximate":false},"geometry":{"type":"Point","coordinates":[35.271726,33.253764]}},{"type":"Feature","properties":{"parcelNumber":"256","approximate":false},"geometry":{"type":"Point","coordinates":[35.271888,33.253862]}},{"type":"Feature","properties":{"parcelNumber":"257","approximate":false},"geometry":{"type":"Point","coordinates":[35.271875,33.253931]}},{"type":"Feature","properties":{"parcelNumber":"258","approximate":false},"geometry":{"type":"Point","coordinates":[35.271815,33.253897]}},{"type":"Feature","properties":{"parcelNumber":"259","approximate":false},"geometry":{"type":"Point","coordinates":[35.271939,33.253945]}},{"type":"Feature","properties":{"parcelNumber":"260","approximate":false},"geometry":{"type":"Point","coordinates":[35.272035,33.253864]}},{"type":"Feature","properties":{"parcelNumber":"261","approximate":false},"geometry":{"type":"Point","coordinates":[35.272066,33.253936]}},{"type":"Feature","properties":{"parcelNumber":"262","approximate":false},"geometry":{"type":"Point","coordinates":[35.272141,33.254001]}},{"type":"Feature","properties":{"parcelNumber":"263","approximate":false},"geometry":{"type":"Point","coordinates":[35.271983,33.253951]}},{"type":"Feature","properties":{"parcelNumber":"264","approximate":false},"geometry":{"type":"Point","coordinates":[35.272353,33.253985]}},{"type":"Feature","properties":{"parcelNumber":"265","approximate":false},"geometry":{"type":"Point","coordinates":[35.272207,33.253885]}},{"type":"Feature","properties":{"parcelNumber":"266","approximate":false},"geometry":{"type":"Point","coordinates":[35.272184,33.253747]}},{"type":"Feature","properties":{"parcelNumber":"267","approximate":false},"geometry":{"type":"Point","coordinates":[35.272037,33.253758]}},{"type":"Feature","properties":{"parcelNumber":"268","approximate":false},"geometry":{"type":"Point","coordinates":[35.271893,33.253521]}},{"type":"Feature","properties":{"parcelNumber":"269","approximate":false},"geometry":{"type":"Point","coordinates":[35.272108,33.253576]}},{"type":"Feature","properties":{"parcelNumber":"270","approximate":false},"geometry":{"type":"Point","coordinates":[35.272458,33.253621]}},{"type":"Feature","properties":{"parcelNumber":"271","approximate":false},"geometry":{"type":"Point","coordinates":[35.27241,33.253735]}},{"type":"Feature","properties":{"parcelNumber":"272","approximate":false},"geometry":{"type":"Point","coordinates":[35.272373,33.253714]}},{"type":"Feature","properties":{"parcelNumber":"273","approximate":false},"geometry":{"type":"Point","coordinates":[35.272322,33.253763]}},{"type":"Feature","properties":{"parcelNumber":"274","approximate":false},"geometry":{"type":"Point","coordinates":[35.272496,33.253838]}},{"type":"Feature","properties":{"parcelNumber":"275","approximate":false},"geometry":{"type":"Point","coordinates":[35.27227,33.253387]}},{"type":"Feature","properties":{"parcelNumber":"276","approximate":false},"geometry":{"type":"Point","coordinates":[35.271252,33.252885]}},{"type":"Feature","properties":{"parcelNumber":"277","approximate":false},"geometry":{"type":"Point","coordinates":[35.271102,33.25289]}},{"type":"Feature","properties":{"parcelNumber":"278","approximate":false},"geometry":{"type":"Point","coordinates":[35.261878,33.264176]}},{"type":"Feature","properties":{"parcelNumber":"279","approximate":false},"geometry":{"type":"Point","coordinates":[35.263783,33.263157]}},{"type":"Feature","properties":{"parcelNumber":"280","approximate":false},"geometry":{"type":"Point","coordinates":[35.263669,33.264135]}},{"type":"Feature","properties":{"parcelNumber":"281","approximate":false},"geometry":{"type":"Point","coordinates":[35.262774,33.26466]}},{"type":"Feature","properties":{"parcelNumber":"282","approximate":false},"geometry":{"type":"Point","coordinates":[35.264814,33.264173]}},{"type":"Feature","properties":{"parcelNumber":"283","approximate":false},"geometry":{"type":"Point","coordinates":[35.266162,33.263913]}},{"type":"Feature","properties":{"parcelNumber":"284","approximate":false},"geometry":{"type":"Point","coordinates":[35.266669,33.264209]}},{"type":"Feature","properties":{"parcelNumber":"285","approximate":false},"geometry":{"type":"Point","coordinates":[35.267256,33.263343]}},{"type":"Feature","properties":{"parcelNumber":"286","approximate":false},"geometry":{"type":"Point","coordinates":[35.267325,33.262729]}},{"type":"Feature","properties":{"parcelNumber":"287","approximate":false},"geometry":{"type":"Point","coordinates":[35.26517,33.263123]}},{"type":"Feature","properties":{"parcelNumber":"288","approximate":false},"geometry":{"type":"Point","coordinates":[35.268261,33.263624]}},{"type":"Feature","properties":{"parcelNumber":"289","approximate":false},"geometry":{"type":"Point","coordinates":[35.268789,33.262975]}},{"type":"Feature","properties":{"parcelNumber":"290","approximate":false},"geometry":{"type":"Point","coordinates":[35.268814,33.261967]}},{"type":"Feature","properties":{"parcelNumber":"291","approximate":false},"geometry":{"type":"Point","coordinates":[35.269397,33.261573]}},{"type":"Feature","properties":{"parcelNumber":"292","approximate":false},"geometry":{"type":"Point","coordinates":[35.272015,33.261009]}},{"type":"Feature","properties":{"parcelNumber":"293","approximate":false},"geometry":{"type":"Point","coordinates":[35.271954,33.261544]}},{"type":"Feature","properties":{"parcelNumber":"294","approximate":false},"geometry":{"type":"Point","coordinates":[35.272064,33.26186]}},{"type":"Feature","properties":{"parcelNumber":"295","approximate":false},"geometry":{"type":"Point","coordinates":[35.272562,33.260036]}},{"type":"Feature","properties":{"parcelNumber":"296","approximate":false},"geometry":{"type":"Point","coordinates":[35.272822,33.259886]}},{"type":"Feature","properties":{"parcelNumber":"297","approximate":false},"geometry":{"type":"Point","coordinates":[35.269706,33.265384]}},{"type":"Feature","properties":{"parcelNumber":"298","approximate":false},"geometry":{"type":"Point","coordinates":[35.27038,33.265177]}},{"type":"Feature","properties":{"parcelNumber":"299","approximate":false},"geometry":{"type":"Point","coordinates":[35.271146,33.26498]}},{"type":"Feature","properties":{"parcelNumber":"300","approximate":false},"geometry":{"type":"Point","coordinates":[35.270938,33.263861]}},{"type":"Feature","properties":{"parcelNumber":"301","approximate":false},"geometry":{"type":"Point","coordinates":[35.272736,33.26523]}},{"type":"Feature","properties":{"parcelNumber":"302","approximate":false},"geometry":{"type":"Point","coordinates":[35.271371,33.263193]}},{"type":"Feature","properties":{"parcelNumber":"303","approximate":false},"geometry":{"type":"Point","coordinates":[35.273193,33.264042]}},{"type":"Feature","properties":{"parcelNumber":"304","approximate":false},"geometry":{"type":"Point","coordinates":[35.27127,33.262407]}},{"type":"Feature","properties":{"parcelNumber":"305","approximate":false},"geometry":{"type":"Point","coordinates":[35.270432,33.263259]}},{"type":"Feature","properties":{"parcelNumber":"306","approximate":false},"geometry":{"type":"Point","coordinates":[35.269321,33.263897]}},{"type":"Feature","properties":{"parcelNumber":"307","approximate":false},"geometry":{"type":"Point","coordinates":[35.269545,33.264737]}},{"type":"Feature","properties":{"parcelNumber":"308","approximate":false},"geometry":{"type":"Point","coordinates":[35.268914,33.264837]}},{"type":"Feature","properties":{"parcelNumber":"309","approximate":false},"geometry":{"type":"Point","coordinates":[35.269144,33.26535]}},{"type":"Feature","properties":{"parcelNumber":"310","approximate":false},"geometry":{"type":"Point","coordinates":[35.267482,33.264861]}},{"type":"Feature","properties":{"parcelNumber":"311","approximate":false},"geometry":{"type":"Point","coordinates":[35.267147,33.265408]}},{"type":"Feature","properties":{"parcelNumber":"312","approximate":false},"geometry":{"type":"Point","coordinates":[35.26743,33.266013]}},{"type":"Feature","properties":{"parcelNumber":"313","approximate":false},"geometry":{"type":"Point","coordinates":[35.267436,33.265678]}},{"type":"Feature","properties":{"parcelNumber":"314","approximate":false},"geometry":{"type":"Point","coordinates":[35.268472,33.266322]}},{"type":"Feature","properties":{"parcelNumber":"315","approximate":false},"geometry":{"type":"Point","coordinates":[35.26839,33.267025]}},{"type":"Feature","properties":{"parcelNumber":"316","approximate":false},"geometry":{"type":"Point","coordinates":[35.268632,33.265621]}},{"type":"Feature","properties":{"parcelNumber":"317","approximate":false},"geometry":{"type":"Point","coordinates":[35.265896,33.2647]}},{"type":"Feature","properties":{"parcelNumber":"318","approximate":false},"geometry":{"type":"Point","coordinates":[35.272696,33.261934]}},{"type":"Feature","properties":{"parcelNumber":"319","approximate":false},"geometry":{"type":"Point","coordinates":[35.272411,33.262169]}},{"type":"Feature","properties":{"parcelNumber":"320","approximate":false},"geometry":{"type":"Point","coordinates":[35.272047,33.262599]}},{"type":"Feature","properties":{"parcelNumber":"321","approximate":false},"geometry":{"type":"Point","coordinates":[35.272426,33.262769]}},{"type":"Feature","properties":{"parcelNumber":"322","approximate":false},"geometry":{"type":"Point","coordinates":[35.273151,33.262401]}},{"type":"Feature","properties":{"parcelNumber":"323","approximate":false},"geometry":{"type":"Point","coordinates":[35.273804,33.262651]}},{"type":"Feature","properties":{"parcelNumber":"324","approximate":false},"geometry":{"type":"Point","coordinates":[35.268762,33.265227]}},{"type":"Feature","properties":{"parcelNumber":"325","approximate":false},"geometry":{"type":"Point","coordinates":[35.273888,33.257771]}},{"type":"Feature","properties":{"parcelNumber":"326","approximate":false},"geometry":{"type":"Point","coordinates":[35.274965,33.259044]}},{"type":"Feature","properties":{"parcelNumber":"327","approximate":false},"geometry":{"type":"Point","coordinates":[35.274613,33.258066]}},{"type":"Feature","properties":{"parcelNumber":"328","approximate":false},"geometry":{"type":"Point","coordinates":[35.27423,33.257487]}},{"type":"Feature","properties":{"parcelNumber":"329","approximate":false},"geometry":{"type":"Point","coordinates":[35.274724,33.257298]}},{"type":"Feature","properties":{"parcelNumber":"330","approximate":false},"geometry":{"type":"Point","coordinates":[35.275051,33.256822]}},{"type":"Feature","properties":{"parcelNumber":"331","approximate":false},"geometry":{"type":"Point","coordinates":[35.275416,33.25731]}},{"type":"Feature","properties":{"parcelNumber":"332","approximate":false},"geometry":{"type":"Point","coordinates":[35.275777,33.257807]}},{"type":"Feature","properties":{"parcelNumber":"333","approximate":false},"geometry":{"type":"Point","coordinates":[35.275634,33.25664]}},{"type":"Feature","properties":{"parcelNumber":"334","approximate":false},"geometry":{"type":"Point","coordinates":[35.275742,33.256411]}},{"type":"Feature","properties":{"parcelNumber":"335","approximate":false},"geometry":{"type":"Point","coordinates":[35.276194,33.257894]}},{"type":"Feature","properties":{"parcelNumber":"336","approximate":false},"geometry":{"type":"Point","coordinates":[35.276207,33.259365]}},{"type":"Feature","properties":{"parcelNumber":"337","approximate":false},"geometry":{"type":"Point","coordinates":[35.275797,33.256227]}},{"type":"Feature","properties":{"parcelNumber":"338","approximate":false},"geometry":{"type":"Point","coordinates":[35.276917,33.256382]}},{"type":"Feature","properties":{"parcelNumber":"339","approximate":false},"geometry":{"type":"Point","coordinates":[35.276051,33.256567]}},{"type":"Feature","properties":{"parcelNumber":"340","approximate":false},"geometry":{"type":"Point","coordinates":[35.276357,33.256783]}},{"type":"Feature","properties":{"parcelNumber":"341","approximate":false},"geometry":{"type":"Point","coordinates":[35.276338,33.257018]}},{"type":"Feature","properties":{"parcelNumber":"342","approximate":false},"geometry":{"type":"Point","coordinates":[35.276909,33.256033]}},{"type":"Feature","properties":{"parcelNumber":"343","approximate":false},"geometry":{"type":"Point","coordinates":[35.273666,33.259436]}},{"type":"Feature","properties":{"parcelNumber":"344","approximate":false},"geometry":{"type":"Point","coordinates":[35.275072,33.259711]}},{"type":"Feature","properties":{"parcelNumber":"345","approximate":false},"geometry":{"type":"Point","coordinates":[35.273512,33.259629]}},{"type":"Feature","properties":{"parcelNumber":"347","approximate":false},"geometry":{"type":"Point","coordinates":[35.273983,33.260448]}},{"type":"Feature","properties":{"parcelNumber":"349","approximate":false},"geometry":{"type":"Point","coordinates":[35.275791,33.259438]}},{"type":"Feature","properties":{"parcelNumber":"350","approximate":false},"geometry":{"type":"Point","coordinates":[35.276406,33.260727]}},{"type":"Feature","properties":{"parcelNumber":"351","approximate":false},"geometry":{"type":"Point","coordinates":[35.275987,33.260802]}},{"type":"Feature","properties":{"parcelNumber":"352","approximate":false},"geometry":{"type":"Point","coordinates":[35.275379,33.260877]}},{"type":"Feature","properties":{"parcelNumber":"353","approximate":false},"geometry":{"type":"Point","coordinates":[35.27391,33.260926]}},{"type":"Feature","properties":{"parcelNumber":"354","approximate":false},"geometry":{"type":"Point","coordinates":[35.274817,33.261716]}},{"type":"Feature","properties":{"parcelNumber":"355","approximate":false},"geometry":{"type":"Point","coordinates":[35.27413,33.262155]}},{"type":"Feature","properties":{"parcelNumber":"356","approximate":false},"geometry":{"type":"Point","coordinates":[35.275326,33.2622]}},{"type":"Feature","properties":{"parcelNumber":"357","approximate":false},"geometry":{"type":"Point","coordinates":[35.276196,33.262077]}},{"type":"Feature","properties":{"parcelNumber":"358","approximate":false},"geometry":{"type":"Point","coordinates":[35.274366,33.262913]}},{"type":"Feature","properties":{"parcelNumber":"359","approximate":false},"geometry":{"type":"Point","coordinates":[35.275008,33.26409]}},{"type":"Feature","properties":{"parcelNumber":"360","approximate":false},"geometry":{"type":"Point","coordinates":[35.275784,33.265049]}},{"type":"Feature","properties":{"parcelNumber":"361","approximate":false},"geometry":{"type":"Point","coordinates":[35.275832,33.265879]}},{"type":"Feature","properties":{"parcelNumber":"362","approximate":false},"geometry":{"type":"Point","coordinates":[35.276811,33.264966]}},{"type":"Feature","properties":{"parcelNumber":"363","approximate":false},"geometry":{"type":"Point","coordinates":[35.277497,33.264488]}},{"type":"Feature","properties":{"parcelNumber":"364","approximate":false},"geometry":{"type":"Point","coordinates":[35.277486,33.265316]}},{"type":"Feature","properties":{"parcelNumber":"365","approximate":false},"geometry":{"type":"Point","coordinates":[35.277677,33.263816]}},{"type":"Feature","properties":{"parcelNumber":"366","approximate":false},"geometry":{"type":"Point","coordinates":[35.277895,33.263055]}},{"type":"Feature","properties":{"parcelNumber":"367","approximate":false},"geometry":{"type":"Point","coordinates":[35.278584,33.265147]}},{"type":"Feature","properties":{"parcelNumber":"368","approximate":false},"geometry":{"type":"Point","coordinates":[35.277761,33.262876]}},{"type":"Feature","properties":{"parcelNumber":"369","approximate":false},"geometry":{"type":"Point","coordinates":[35.277666,33.261571]}},{"type":"Feature","properties":{"parcelNumber":"370","approximate":false},"geometry":{"type":"Point","coordinates":[35.277315,33.26061]}},{"type":"Feature","properties":{"parcelNumber":"371","approximate":false},"geometry":{"type":"Point","coordinates":[35.277607,33.260441]}},{"type":"Feature","properties":{"parcelNumber":"372","approximate":false},"geometry":{"type":"Point","coordinates":[35.277799,33.260054]}},{"type":"Feature","properties":{"parcelNumber":"373","approximate":false},"geometry":{"type":"Point","coordinates":[35.277868,33.261354]}},{"type":"Feature","properties":{"parcelNumber":"374","approximate":false},"geometry":{"type":"Point","coordinates":[35.27663,33.258853]}},{"type":"Feature","properties":{"parcelNumber":"375","approximate":false},"geometry":{"type":"Point","coordinates":[35.276344,33.258934]}},{"type":"Feature","properties":{"parcelNumber":"376","approximate":false},"geometry":{"type":"Point","coordinates":[35.276265,33.264093]}},{"type":"Feature","properties":{"parcelNumber":"377","approximate":false},"geometry":{"type":"Point","coordinates":[35.275853,33.263136]}},{"type":"Feature","properties":{"parcelNumber":"378","approximate":false},"geometry":{"type":"Point","coordinates":[35.27742,33.261649]}},{"type":"Feature","properties":{"parcelNumber":"379","approximate":false},"geometry":{"type":"Point","coordinates":[35.277072,33.262024]}},{"type":"Feature","properties":{"parcelNumber":"380","approximate":false},"geometry":{"type":"Point","coordinates":[35.279871,33.264744]}},{"type":"Feature","properties":{"parcelNumber":"381","approximate":false},"geometry":{"type":"Point","coordinates":[35.281089,33.264899]}},{"type":"Feature","properties":{"parcelNumber":"382","approximate":false},"geometry":{"type":"Point","coordinates":[35.280674,33.264308]}},{"type":"Feature","properties":{"parcelNumber":"383","approximate":false},"geometry":{"type":"Point","coordinates":[35.281346,33.2642]}},{"type":"Feature","properties":{"parcelNumber":"384","approximate":false},"geometry":{"type":"Point","coordinates":[35.281778,33.264496]}},{"type":"Feature","properties":{"parcelNumber":"385","approximate":false},"geometry":{"type":"Point","coordinates":[35.281595,33.26498]}},{"type":"Feature","properties":{"parcelNumber":"386","approximate":false},"geometry":{"type":"Point","coordinates":[35.280328,33.26325]}},{"type":"Feature","properties":{"parcelNumber":"387","approximate":false},"geometry":{"type":"Point","coordinates":[35.278523,33.262863]}},{"type":"Feature","properties":{"parcelNumber":"388","approximate":false},"geometry":{"type":"Point","coordinates":[35.278315,33.263705]}},{"type":"Feature","properties":{"parcelNumber":"389","approximate":false},"geometry":{"type":"Point","coordinates":[35.278007,33.261191]}},{"type":"Feature","properties":{"parcelNumber":"390","approximate":false},"geometry":{"type":"Point","coordinates":[35.277935,33.260308]}},{"type":"Feature","properties":{"parcelNumber":"391","approximate":false},"geometry":{"type":"Point","coordinates":[35.278363,33.261499]}},{"type":"Feature","properties":{"parcelNumber":"392","approximate":false},"geometry":{"type":"Point","coordinates":[35.278872,33.261348]}},{"type":"Feature","properties":{"parcelNumber":"393","approximate":false},"geometry":{"type":"Point","coordinates":[35.277954,33.2599]}},{"type":"Feature","properties":{"parcelNumber":"394","approximate":false},"geometry":{"type":"Point","coordinates":[35.277049,33.258946]}},{"type":"Feature","properties":{"parcelNumber":"395","approximate":false},"geometry":{"type":"Point","coordinates":[35.277329,33.258495]}},{"type":"Feature","properties":{"parcelNumber":"396","approximate":false},"geometry":{"type":"Point","coordinates":[35.276644,33.257391]}},{"type":"Feature","properties":{"parcelNumber":"397","approximate":false},"geometry":{"type":"Point","coordinates":[35.276431,33.257201]}},{"type":"Feature","properties":{"parcelNumber":"398","approximate":false},"geometry":{"type":"Point","coordinates":[35.27733,33.256697]}},{"type":"Feature","properties":{"parcelNumber":"399","approximate":false},"geometry":{"type":"Point","coordinates":[35.270943,33.255668]}},{"type":"Feature","properties":{"parcelNumber":"400","approximate":false},"geometry":{"type":"Point","coordinates":[35.270467,33.255892]}},{"type":"Feature","properties":{"parcelNumber":"401","approximate":false},"geometry":{"type":"Point","coordinates":[35.271581,33.256346]}},{"type":"Feature","properties":{"parcelNumber":"402","approximate":false},"geometry":{"type":"Point","coordinates":[35.271022,33.256298]}},{"type":"Feature","properties":{"parcelNumber":"403","approximate":false},"geometry":{"type":"Point","coordinates":[35.271754,33.257328]}},{"type":"Feature","properties":{"parcelNumber":"404","approximate":false},"geometry":{"type":"Point","coordinates":[35.271042,33.25719]}},{"type":"Feature","properties":{"parcelNumber":"405","approximate":false},"geometry":{"type":"Point","coordinates":[35.270654,33.257286]}},{"type":"Feature","properties":{"parcelNumber":"406","approximate":false},"geometry":{"type":"Point","coordinates":[35.271252,33.257744]}},{"type":"Feature","properties":{"parcelNumber":"407","approximate":false},"geometry":{"type":"Point","coordinates":[35.271981,33.258529]}},{"type":"Feature","properties":{"parcelNumber":"408","approximate":false},"geometry":{"type":"Point","coordinates":[35.27259,33.258991]}},{"type":"Feature","properties":{"parcelNumber":"409","approximate":false},"geometry":{"type":"Point","coordinates":[35.270889,33.259246]}},{"type":"Feature","properties":{"parcelNumber":"410","approximate":false},"geometry":{"type":"Point","coordinates":[35.270523,33.259673]}},{"type":"Feature","properties":{"parcelNumber":"411","approximate":false},"geometry":{"type":"Point","coordinates":[35.271111,33.259993]}},{"type":"Feature","properties":{"parcelNumber":"412","approximate":false},"geometry":{"type":"Point","coordinates":[35.272075,33.259509]}},{"type":"Feature","properties":{"parcelNumber":"413","approximate":false},"geometry":{"type":"Point","coordinates":[35.270829,33.256477]}},{"type":"Feature","properties":{"parcelNumber":"414","approximate":false},"geometry":{"type":"Point","coordinates":[35.271833,33.256476]}},{"type":"Feature","properties":{"parcelNumber":"415","approximate":false},"geometry":{"type":"Point","coordinates":[35.272159,33.255803]}},{"type":"Feature","properties":{"parcelNumber":"416","approximate":false},"geometry":{"type":"Point","coordinates":[35.273046,33.256055]}},{"type":"Feature","properties":{"parcelNumber":"417","approximate":false},"geometry":{"type":"Point","coordinates":[35.273561,33.256372]}},{"type":"Feature","properties":{"parcelNumber":"418","approximate":false},"geometry":{"type":"Point","coordinates":[35.273879,33.256502]}},{"type":"Feature","properties":{"parcelNumber":"419","approximate":false},"geometry":{"type":"Point","coordinates":[35.274148,33.25619]}},{"type":"Feature","properties":{"parcelNumber":"420","approximate":false},"geometry":{"type":"Point","coordinates":[35.273997,33.256816]}},{"type":"Feature","properties":{"parcelNumber":"421","approximate":false},"geometry":{"type":"Point","coordinates":[35.27385,33.256717]}},{"type":"Feature","properties":{"parcelNumber":"422","approximate":false},"geometry":{"type":"Point","coordinates":[35.273618,33.256851]}},{"type":"Feature","properties":{"parcelNumber":"423","approximate":false},"geometry":{"type":"Point","coordinates":[35.273355,33.256774]}},{"type":"Feature","properties":{"parcelNumber":"424","approximate":false},"geometry":{"type":"Point","coordinates":[35.273072,33.258586]}},{"type":"Feature","properties":{"parcelNumber":"425","approximate":false},"geometry":{"type":"Point","coordinates":[35.2727,33.258717]}},{"type":"Feature","properties":{"parcelNumber":"426","approximate":false},"geometry":{"type":"Point","coordinates":[35.272916,33.256562]}},{"type":"Feature","properties":{"parcelNumber":"428","approximate":false},"geometry":{"type":"Point","coordinates":[35.272538,33.256198]}},{"type":"Feature","properties":{"parcelNumber":"429","approximate":false},"geometry":{"type":"Point","coordinates":[35.270195,33.26029]}},{"type":"Feature","properties":{"parcelNumber":"430","approximate":false},"geometry":{"type":"Point","coordinates":[35.270026,33.259521]}},{"type":"Feature","properties":{"parcelNumber":"431","approximate":false},"geometry":{"type":"Point","coordinates":[35.269522,33.259453]}},{"type":"Feature","properties":{"parcelNumber":"432","approximate":false},"geometry":{"type":"Point","coordinates":[35.269474,33.260376]}},{"type":"Feature","properties":{"parcelNumber":"433","approximate":false},"geometry":{"type":"Point","coordinates":[35.268886,33.260868]}},{"type":"Feature","properties":{"parcelNumber":"434","approximate":false},"geometry":{"type":"Point","coordinates":[35.268271,33.260016]}},{"type":"Feature","properties":{"parcelNumber":"435","approximate":false},"geometry":{"type":"Point","coordinates":[35.268924,33.259999]}},{"type":"Feature","properties":{"parcelNumber":"436","approximate":false},"geometry":{"type":"Point","coordinates":[35.269005,33.259782]}},{"type":"Feature","properties":{"parcelNumber":"437","approximate":false},"geometry":{"type":"Point","coordinates":[35.268528,33.260005]}},{"type":"Feature","properties":{"parcelNumber":"438","approximate":false},"geometry":{"type":"Point","coordinates":[35.268357,33.259718]}},{"type":"Feature","properties":{"parcelNumber":"439","approximate":false},"geometry":{"type":"Point","coordinates":[35.269069,33.259317]}},{"type":"Feature","properties":{"parcelNumber":"440","approximate":false},"geometry":{"type":"Point","coordinates":[35.269999,33.256081]}},{"type":"Feature","properties":{"parcelNumber":"441","approximate":false},"geometry":{"type":"Point","coordinates":[35.270171,33.256745]}},{"type":"Feature","properties":{"parcelNumber":"442","approximate":false},"geometry":{"type":"Point","coordinates":[35.269522,33.25645]}},{"type":"Feature","properties":{"parcelNumber":"443","approximate":false},"geometry":{"type":"Point","coordinates":[35.269476,33.256859]}},{"type":"Feature","properties":{"parcelNumber":"444","approximate":false},"geometry":{"type":"Point","coordinates":[35.269899,33.257647]}},{"type":"Feature","properties":{"parcelNumber":"445","approximate":false},"geometry":{"type":"Point","coordinates":[35.269308,33.257591]}},{"type":"Feature","properties":{"parcelNumber":"446","approximate":false},"geometry":{"type":"Point","coordinates":[35.269015,33.257598]}},{"type":"Feature","properties":{"parcelNumber":"447","approximate":false},"geometry":{"type":"Point","coordinates":[35.269525,33.258434]}},{"type":"Feature","properties":{"parcelNumber":"448","approximate":false},"geometry":{"type":"Point","coordinates":[35.270301,33.258584]}},{"type":"Feature","properties":{"parcelNumber":"449","approximate":false},"geometry":{"type":"Point","coordinates":[35.270834,33.258224]}},{"type":"Feature","properties":{"parcelNumber":"450","approximate":false},"geometry":{"type":"Point","coordinates":[35.270388,33.258967]}},{"type":"Feature","properties":{"parcelNumber":"451","approximate":false},"geometry":{"type":"Point","coordinates":[35.270584,33.257773]}},{"type":"Feature","properties":{"parcelNumber":"452","approximate":false},"geometry":{"type":"Point","coordinates":[35.269795,33.259023]}},{"type":"Feature","properties":{"parcelNumber":"453","approximate":false},"geometry":{"type":"Point","coordinates":[35.269495,33.259109]}},{"type":"Feature","properties":{"parcelNumber":"454","approximate":false},"geometry":{"type":"Point","coordinates":[35.269322,33.258999]}},{"type":"Feature","properties":{"parcelNumber":"455","approximate":false},"geometry":{"type":"Point","coordinates":[35.266993,33.261403]}},{"type":"Feature","properties":{"parcelNumber":"456","approximate":false},"geometry":{"type":"Point","coordinates":[35.26709,33.260444]}},{"type":"Feature","properties":{"parcelNumber":"457","approximate":false},"geometry":{"type":"Point","coordinates":[35.266331,33.262156]}},{"type":"Feature","properties":{"parcelNumber":"458","approximate":false},"geometry":{"type":"Point","coordinates":[35.267581,33.259817]}},{"type":"Feature","properties":{"parcelNumber":"459","approximate":false},"geometry":{"type":"Point","coordinates":[35.266247,33.262513]}},{"type":"Feature","properties":{"parcelNumber":"460","approximate":false},"geometry":{"type":"Point","coordinates":[35.264884,33.262298]}},{"type":"Feature","properties":{"parcelNumber":"461","approximate":false},"geometry":{"type":"Point","coordinates":[35.264104,33.262763]}},{"type":"Feature","properties":{"parcelNumber":"462","approximate":false},"geometry":{"type":"Point","coordinates":[35.253477,33.263023]}},{"type":"Feature","properties":{"parcelNumber":"463","approximate":false},"geometry":{"type":"Point","coordinates":[35.25211,33.263194]}},{"type":"Feature","properties":{"parcelNumber":"464","approximate":false},"geometry":{"type":"Point","coordinates":[35.251028,33.263278]}},{"type":"Feature","properties":{"parcelNumber":"465","approximate":false},"geometry":{"type":"Point","coordinates":[35.246681,33.262064]}},{"type":"Feature","properties":{"parcelNumber":"466","approximate":false},"geometry":{"type":"Point","coordinates":[35.25959,33.263046]}},{"type":"Feature","properties":{"parcelNumber":"467","approximate":false},"geometry":{"type":"Point","coordinates":[35.270254,33.255689]}},{"type":"Feature","properties":{"parcelNumber":"468","approximate":false},"geometry":{"type":"Point","coordinates":[35.270098,33.255505]}},{"type":"Feature","properties":{"parcelNumber":"469","approximate":false},"geometry":{"type":"Point","coordinates":[35.269916,33.255357]}},{"type":"Feature","properties":{"parcelNumber":"470","approximate":false},"geometry":{"type":"Point","coordinates":[35.269712,33.255123]}},{"type":"Feature","properties":{"parcelNumber":"471","approximate":false},"geometry":{"type":"Point","coordinates":[35.269695,33.254877]}},{"type":"Feature","properties":{"parcelNumber":"472","approximate":false},"geometry":{"type":"Point","coordinates":[35.269489,33.254957]}},{"type":"Feature","properties":{"parcelNumber":"473","approximate":false},"geometry":{"type":"Point","coordinates":[35.269611,33.255486]}},{"type":"Feature","properties":{"parcelNumber":"474","approximate":true},"geometry":{"type":"Point","coordinates":[35.268982,33.254936]}},{"type":"Feature","properties":{"parcelNumber":"475","approximate":false},"geometry":{"type":"Point","coordinates":[35.269322,33.255638]}},{"type":"Feature","properties":{"parcelNumber":"476","approximate":false},"geometry":{"type":"Point","coordinates":[35.269807,33.255704]}},{"type":"Feature","properties":{"parcelNumber":"477","approximate":false},"geometry":{"type":"Point","coordinates":[35.269664,33.25604]}},{"type":"Feature","properties":{"parcelNumber":"478","approximate":false},"geometry":{"type":"Point","coordinates":[35.269392,33.256033]}},{"type":"Feature","properties":{"parcelNumber":"479","approximate":false},"geometry":{"type":"Point","coordinates":[35.269153,33.25626]}},{"type":"Feature","properties":{"parcelNumber":"480","approximate":false},"geometry":{"type":"Point","coordinates":[35.268813,33.256367]}},{"type":"Feature","properties":{"parcelNumber":"481","approximate":false},"geometry":{"type":"Point","coordinates":[35.268381,33.256631]}},{"type":"Feature","properties":{"parcelNumber":"482","approximate":false},"geometry":{"type":"Point","coordinates":[35.268817,33.256056]}},{"type":"Feature","properties":{"parcelNumber":"483","approximate":false},"geometry":{"type":"Point","coordinates":[35.268454,33.255793]}},{"type":"Feature","properties":{"parcelNumber":"484","approximate":false},"geometry":{"type":"Point","coordinates":[35.268161,33.255416]}},{"type":"Feature","properties":{"parcelNumber":"485","approximate":false},"geometry":{"type":"Point","coordinates":[35.268643,33.25486]}},{"type":"Feature","properties":{"parcelNumber":"486","approximate":false},"geometry":{"type":"Point","coordinates":[35.268313,33.254478]}},{"type":"Feature","properties":{"parcelNumber":"487","approximate":false},"geometry":{"type":"Point","coordinates":[35.268651,33.254308]}},{"type":"Feature","properties":{"parcelNumber":"488","approximate":false},"geometry":{"type":"Point","coordinates":[35.268576,33.254557]}},{"type":"Feature","properties":{"parcelNumber":"489","approximate":false},"geometry":{"type":"Point","coordinates":[35.269043,33.254268]}},{"type":"Feature","properties":{"parcelNumber":"490","approximate":false},"geometry":{"type":"Point","coordinates":[35.268183,33.254511]}},{"type":"Feature","properties":{"parcelNumber":"491","approximate":false},"geometry":{"type":"Point","coordinates":[35.268162,33.254849]}},{"type":"Feature","properties":{"parcelNumber":"492","approximate":false},"geometry":{"type":"Point","coordinates":[35.268364,33.255034]}},{"type":"Feature","properties":{"parcelNumber":"493","approximate":false},"geometry":{"type":"Point","coordinates":[35.267986,33.255052]}},{"type":"Feature","properties":{"parcelNumber":"494","approximate":false},"geometry":{"type":"Point","coordinates":[35.267812,33.255195]}},{"type":"Feature","properties":{"parcelNumber":"495","approximate":false},"geometry":{"type":"Point","coordinates":[35.267896,33.254923]}},{"type":"Feature","properties":{"parcelNumber":"496","approximate":false},"geometry":{"type":"Point","coordinates":[35.267894,33.254766]}},{"type":"Feature","properties":{"parcelNumber":"497","approximate":false},"geometry":{"type":"Point","coordinates":[35.267591,33.254819]}},{"type":"Feature","properties":{"parcelNumber":"498","approximate":false},"geometry":{"type":"Point","coordinates":[35.267511,33.254528]}},{"type":"Feature","properties":{"parcelNumber":"499","approximate":false},"geometry":{"type":"Point","coordinates":[35.267221,33.254695]}},{"type":"Feature","properties":{"parcelNumber":"500","approximate":false},"geometry":{"type":"Point","coordinates":[35.267409,33.255111]}},{"type":"Feature","properties":{"parcelNumber":"501","approximate":false},"geometry":{"type":"Point","coordinates":[35.267033,33.254807]}},{"type":"Feature","properties":{"parcelNumber":"502","approximate":false},"geometry":{"type":"Point","coordinates":[35.266631,33.254732]}},{"type":"Feature","properties":{"parcelNumber":"503","approximate":false},"geometry":{"type":"Point","coordinates":[35.266969,33.255137]}},{"type":"Feature","properties":{"parcelNumber":"504","approximate":false},"geometry":{"type":"Point","coordinates":[35.266538,33.255197]}},{"type":"Feature","properties":{"parcelNumber":"505","approximate":false},"geometry":{"type":"Point","coordinates":[35.266603,33.255549]}},{"type":"Feature","properties":{"parcelNumber":"506","approximate":false},"geometry":{"type":"Point","coordinates":[35.266413,33.255298]}},{"type":"Feature","properties":{"parcelNumber":"507","approximate":false},"geometry":{"type":"Point","coordinates":[35.266335,33.25469]}},{"type":"Feature","properties":{"parcelNumber":"508","approximate":false},"geometry":{"type":"Point","coordinates":[35.266067,33.254942]}},{"type":"Feature","properties":{"parcelNumber":"509","approximate":false},"geometry":{"type":"Point","coordinates":[35.26613,33.255506]}},{"type":"Feature","properties":{"parcelNumber":"510","approximate":false},"geometry":{"type":"Point","coordinates":[35.265937,33.255811]}},{"type":"Feature","properties":{"parcelNumber":"511","approximate":false},"geometry":{"type":"Point","coordinates":[35.26593,33.256042]}},{"type":"Feature","properties":{"parcelNumber":"512","approximate":false},"geometry":{"type":"Point","coordinates":[35.267412,33.255996]}},{"type":"Feature","properties":{"parcelNumber":"513","approximate":false},"geometry":{"type":"Point","coordinates":[35.267345,33.255486]}},{"type":"Feature","properties":{"parcelNumber":"514","approximate":false},"geometry":{"type":"Point","coordinates":[35.267656,33.256265]}},{"type":"Feature","properties":{"parcelNumber":"515","approximate":false},"geometry":{"type":"Point","coordinates":[35.267975,33.256389]}},{"type":"Feature","properties":{"parcelNumber":"516","approximate":false},"geometry":{"type":"Point","coordinates":[35.267752,33.256743]}},{"type":"Feature","properties":{"parcelNumber":"517","approximate":false},"geometry":{"type":"Point","coordinates":[35.265244,33.255765]}},{"type":"Feature","properties":{"parcelNumber":"518","approximate":false},"geometry":{"type":"Point","coordinates":[35.265269,33.255247]}},{"type":"Feature","properties":{"parcelNumber":"519","approximate":false},"geometry":{"type":"Point","coordinates":[35.267487,33.254939]}},{"type":"Feature","properties":{"parcelNumber":"520","approximate":false},"geometry":{"type":"Point","coordinates":[35.268471,33.25443]}},{"type":"Feature","properties":{"parcelNumber":"521","approximate":false},"geometry":{"type":"Point","coordinates":[35.268478,33.25427]}},{"type":"Feature","properties":{"parcelNumber":"522","approximate":true},"geometry":{"type":"Point","coordinates":[35.268952,33.254196]}},{"type":"Feature","properties":{"parcelNumber":"523","approximate":false},"geometry":{"type":"Point","coordinates":[35.268796,33.254221]}},{"type":"Feature","properties":{"parcelNumber":"524","approximate":false},"geometry":{"type":"Point","coordinates":[35.268553,33.257305]}},{"type":"Feature","properties":{"parcelNumber":"525","approximate":false},"geometry":{"type":"Point","coordinates":[35.267959,33.257267]}},{"type":"Feature","properties":{"parcelNumber":"526","approximate":false},"geometry":{"type":"Point","coordinates":[35.267734,33.257418]}},{"type":"Feature","properties":{"parcelNumber":"527","approximate":false},"geometry":{"type":"Point","coordinates":[35.268382,33.25795]}},{"type":"Feature","properties":{"parcelNumber":"528","approximate":false},"geometry":{"type":"Point","coordinates":[35.268113,33.258532]}},{"type":"Feature","properties":{"parcelNumber":"529","approximate":false},"geometry":{"type":"Point","coordinates":[35.268967,33.258797]}},{"type":"Feature","properties":{"parcelNumber":"530","approximate":false},"geometry":{"type":"Point","coordinates":[35.268693,33.25894]}},{"type":"Feature","properties":{"parcelNumber":"531","approximate":false},"geometry":{"type":"Point","coordinates":[35.268207,33.259395]}},{"type":"Feature","properties":{"parcelNumber":"532","approximate":false},"geometry":{"type":"Point","coordinates":[35.267641,33.259565]}},{"type":"Feature","properties":{"parcelNumber":"533","approximate":false},"geometry":{"type":"Point","coordinates":[35.267433,33.259086]}},{"type":"Feature","properties":{"parcelNumber":"534","approximate":false},"geometry":{"type":"Point","coordinates":[35.266658,33.25895]}},{"type":"Feature","properties":{"parcelNumber":"535","approximate":false},"geometry":{"type":"Point","coordinates":[35.265524,33.257733]}},{"type":"Feature","properties":{"parcelNumber":"536","approximate":false},"geometry":{"type":"Point","coordinates":[35.266135,33.259055]}},{"type":"Feature","properties":{"parcelNumber":"537","approximate":false},"geometry":{"type":"Point","coordinates":[35.265241,33.258381]}},{"type":"Feature","properties":{"parcelNumber":"538","approximate":false},"geometry":{"type":"Point","coordinates":[35.264392,33.257593]}},{"type":"Feature","properties":{"parcelNumber":"539","approximate":false},"geometry":{"type":"Point","coordinates":[35.26415,33.2578]}},{"type":"Feature","properties":{"parcelNumber":"540","approximate":false},"geometry":{"type":"Point","coordinates":[35.264766,33.257135]}},{"type":"Feature","properties":{"parcelNumber":"541","approximate":false},"geometry":{"type":"Point","coordinates":[35.264471,33.257384]}},{"type":"Feature","properties":{"parcelNumber":"542","approximate":false},"geometry":{"type":"Point","coordinates":[35.265001,33.256836]}},{"type":"Feature","properties":{"parcelNumber":"543","approximate":false},"geometry":{"type":"Point","coordinates":[35.263624,33.257423]}},{"type":"Feature","properties":{"parcelNumber":"544","approximate":false},"geometry":{"type":"Point","coordinates":[35.262402,33.257164]}},{"type":"Feature","properties":{"parcelNumber":"545","approximate":false},"geometry":{"type":"Point","coordinates":[35.26213,33.257032]}},{"type":"Feature","properties":{"parcelNumber":"546","approximate":false},"geometry":{"type":"Point","coordinates":[35.264946,33.257412]}},{"type":"Feature","properties":{"parcelNumber":"547","approximate":false},"geometry":{"type":"Point","coordinates":[35.266626,33.25786]}},{"type":"Feature","properties":{"parcelNumber":"548","approximate":false},"geometry":{"type":"Point","coordinates":[35.267291,33.256684]}},{"type":"Feature","properties":{"parcelNumber":"549","approximate":false},"geometry":{"type":"Point","coordinates":[35.267075,33.257379]}},{"type":"Feature","properties":{"parcelNumber":"550","approximate":false},"geometry":{"type":"Point","coordinates":[35.267543,33.257235]}},{"type":"Feature","properties":{"parcelNumber":"551","approximate":false},"geometry":{"type":"Point","coordinates":[35.263938,33.255519]}},{"type":"Feature","properties":{"parcelNumber":"552","approximate":false},"geometry":{"type":"Point","coordinates":[35.263804,33.256137]}},{"type":"Feature","properties":{"parcelNumber":"553","approximate":false},"geometry":{"type":"Point","coordinates":[35.264051,33.256534]}},{"type":"Feature","properties":{"parcelNumber":"554","approximate":false},"geometry":{"type":"Point","coordinates":[35.263171,33.256599]}},{"type":"Feature","properties":{"parcelNumber":"555","approximate":false},"geometry":{"type":"Point","coordinates":[35.263855,33.257001]}},{"type":"Feature","properties":{"parcelNumber":"556","approximate":false},"geometry":{"type":"Point","coordinates":[35.263952,33.257217]}},{"type":"Feature","properties":{"parcelNumber":"557","approximate":false},"geometry":{"type":"Point","coordinates":[35.265578,33.256459]}},{"type":"Feature","properties":{"parcelNumber":"558","approximate":false},"geometry":{"type":"Point","coordinates":[35.265988,33.25642]}},{"type":"Feature","properties":{"parcelNumber":"559","approximate":false},"geometry":{"type":"Point","coordinates":[35.265824,33.256555]}},{"type":"Feature","properties":{"parcelNumber":"560","approximate":false},"geometry":{"type":"Point","coordinates":[35.264893,33.256204]}},{"type":"Feature","properties":{"parcelNumber":"561","approximate":false},"geometry":{"type":"Point","coordinates":[35.262678,33.255733]}},{"type":"Feature","properties":{"parcelNumber":"562","approximate":false},"geometry":{"type":"Point","coordinates":[35.26165,33.255649]}},{"type":"Feature","properties":{"parcelNumber":"563","approximate":false},"geometry":{"type":"Point","coordinates":[35.261021,33.25586]}},{"type":"Feature","properties":{"parcelNumber":"564","approximate":false},"geometry":{"type":"Point","coordinates":[35.262661,33.256481]}},{"type":"Feature","properties":{"parcelNumber":"565","approximate":false},"geometry":{"type":"Point","coordinates":[35.262256,33.256619]}},{"type":"Feature","properties":{"parcelNumber":"566","approximate":false},"geometry":{"type":"Point","coordinates":[35.262648,33.257525]}},{"type":"Feature","properties":{"parcelNumber":"567","approximate":false},"geometry":{"type":"Point","coordinates":[35.26309,33.257902]}},{"type":"Feature","properties":{"parcelNumber":"568","approximate":false},"geometry":{"type":"Point","coordinates":[35.262786,33.258246]}},{"type":"Feature","properties":{"parcelNumber":"569","approximate":false},"geometry":{"type":"Point","coordinates":[35.263945,33.25827]}},{"type":"Feature","properties":{"parcelNumber":"570","approximate":false},"geometry":{"type":"Point","coordinates":[35.26477,33.258395]}},{"type":"Feature","properties":{"parcelNumber":"571","approximate":false},"geometry":{"type":"Point","coordinates":[35.26546,33.258808]}},{"type":"Feature","properties":{"parcelNumber":"572","approximate":false},"geometry":{"type":"Point","coordinates":[35.266069,33.25943]}},{"type":"Feature","properties":{"parcelNumber":"573","approximate":false},"geometry":{"type":"Point","coordinates":[35.266277,33.259927]}},{"type":"Feature","properties":{"parcelNumber":"574","approximate":false},"geometry":{"type":"Point","coordinates":[35.26531,33.260157]}},{"type":"Feature","properties":{"parcelNumber":"575","approximate":false},"geometry":{"type":"Point","coordinates":[35.264225,33.258846]}},{"type":"Feature","properties":{"parcelNumber":"576","approximate":false},"geometry":{"type":"Point","coordinates":[35.264198,33.259267]}},{"type":"Feature","properties":{"parcelNumber":"577","approximate":false},"geometry":{"type":"Point","coordinates":[35.264151,33.259547]}},{"type":"Feature","properties":{"parcelNumber":"578","approximate":false},"geometry":{"type":"Point","coordinates":[35.262681,33.259164]}},{"type":"Feature","properties":{"parcelNumber":"579","approximate":false},"geometry":{"type":"Point","coordinates":[35.262873,33.25953]}},{"type":"Feature","properties":{"parcelNumber":"580","approximate":false},"geometry":{"type":"Point","coordinates":[35.262391,33.258609]}},{"type":"Feature","properties":{"parcelNumber":"581","approximate":false},"geometry":{"type":"Point","coordinates":[35.261181,33.258965]}},{"type":"Feature","properties":{"parcelNumber":"582","approximate":false},"geometry":{"type":"Point","coordinates":[35.261951,33.259807]}},{"type":"Feature","properties":{"parcelNumber":"583","approximate":false},"geometry":{"type":"Point","coordinates":[35.260429,33.259699]}},{"type":"Feature","properties":{"parcelNumber":"584","approximate":false},"geometry":{"type":"Point","coordinates":[35.263073,33.259997]}},{"type":"Feature","properties":{"parcelNumber":"585","approximate":false},"geometry":{"type":"Point","coordinates":[35.264417,33.260051]}},{"type":"Feature","properties":{"parcelNumber":"586","approximate":false},"geometry":{"type":"Point","coordinates":[35.266234,33.260941]}},{"type":"Feature","properties":{"parcelNumber":"587","approximate":false},"geometry":{"type":"Point","coordinates":[35.264201,33.260431]}},{"type":"Feature","properties":{"parcelNumber":"588","approximate":false},"geometry":{"type":"Point","coordinates":[35.261638,33.260628]}},{"type":"Feature","properties":{"parcelNumber":"589","approximate":false},"geometry":{"type":"Point","coordinates":[35.263308,33.261101]}},{"type":"Feature","properties":{"parcelNumber":"590","approximate":false},"geometry":{"type":"Point","coordinates":[35.264853,33.26137]}},{"type":"Feature","properties":{"parcelNumber":"591","approximate":false},"geometry":{"type":"Point","coordinates":[35.263017,33.261573]}},{"type":"Feature","properties":{"parcelNumber":"592","approximate":false},"geometry":{"type":"Point","coordinates":[35.264609,33.261831]}},{"type":"Feature","properties":{"parcelNumber":"593","approximate":false},"geometry":{"type":"Point","coordinates":[35.262748,33.262037]}},{"type":"Feature","properties":{"parcelNumber":"594","approximate":false},"geometry":{"type":"Point","coordinates":[35.264014,33.265857]}},{"type":"Feature","properties":{"parcelNumber":"595","approximate":false},"geometry":{"type":"Point","coordinates":[35.265479,33.26554]}},{"type":"Feature","properties":{"parcelNumber":"596","approximate":false},"geometry":{"type":"Point","coordinates":[35.26528,33.265849]}},{"type":"Feature","properties":{"parcelNumber":"597","approximate":false},"geometry":{"type":"Point","coordinates":[35.264759,33.265963]}},{"type":"Feature","properties":{"parcelNumber":"598","approximate":false},"geometry":{"type":"Point","coordinates":[35.262299,33.267008]}},{"type":"Feature","properties":{"parcelNumber":"599","approximate":false},"geometry":{"type":"Point","coordinates":[35.264035,33.265451]}},{"type":"Feature","properties":{"parcelNumber":"600","approximate":false},"geometry":{"type":"Point","coordinates":[35.26409,33.264785]}},{"type":"Feature","properties":{"parcelNumber":"601","approximate":false},"geometry":{"type":"Point","coordinates":[35.263253,33.266366]}},{"type":"Feature","properties":{"parcelNumber":"602","approximate":false},"geometry":{"type":"Point","coordinates":[35.262806,33.265261]}},{"type":"Feature","properties":{"parcelNumber":"603","approximate":false},"geometry":{"type":"Point","coordinates":[35.26229,33.265149]}},{"type":"Feature","properties":{"parcelNumber":"604","approximate":false},"geometry":{"type":"Point","coordinates":[35.26145,33.266163]}},{"type":"Feature","properties":{"parcelNumber":"605","approximate":false},"geometry":{"type":"Point","coordinates":[35.259527,33.267475]}},{"type":"Feature","properties":{"parcelNumber":"606","approximate":false},"geometry":{"type":"Point","coordinates":[35.260953,33.268377]}},{"type":"Feature","properties":{"parcelNumber":"607","approximate":false},"geometry":{"type":"Point","coordinates":[35.260375,33.269756]}},{"type":"Feature","properties":{"parcelNumber":"608","approximate":false},"geometry":{"type":"Point","coordinates":[35.261025,33.269205]}},{"type":"Feature","properties":{"parcelNumber":"609","approximate":false},"geometry":{"type":"Point","coordinates":[35.262168,33.268368]}},{"type":"Feature","properties":{"parcelNumber":"610","approximate":false},"geometry":{"type":"Point","coordinates":[35.260734,33.267419]}},{"type":"Feature","properties":{"parcelNumber":"611","approximate":false},"geometry":{"type":"Point","coordinates":[35.25991,33.26892]}},{"type":"Feature","properties":{"parcelNumber":"612","approximate":false},"geometry":{"type":"Point","coordinates":[35.259459,33.269131]}},{"type":"Feature","properties":{"parcelNumber":"613","approximate":false},"geometry":{"type":"Point","coordinates":[35.266265,33.26604]}},{"type":"Feature","properties":{"parcelNumber":"614","approximate":false},"geometry":{"type":"Point","coordinates":[35.267634,33.26702]}},{"type":"Feature","properties":{"parcelNumber":"615","approximate":false},"geometry":{"type":"Point","coordinates":[35.270483,33.26633]}},{"type":"Feature","properties":{"parcelNumber":"616","approximate":false},"geometry":{"type":"Point","coordinates":[35.273544,33.265864]}},{"type":"Feature","properties":{"parcelNumber":"617","approximate":false},"geometry":{"type":"Point","coordinates":[35.274162,33.266421]}},{"type":"Feature","properties":{"parcelNumber":"618","approximate":false},"geometry":{"type":"Point","coordinates":[35.275443,33.266127]}},{"type":"Feature","properties":{"parcelNumber":"619","approximate":false},"geometry":{"type":"Point","coordinates":[35.27742,33.266284]}},{"type":"Feature","properties":{"parcelNumber":"620","approximate":false},"geometry":{"type":"Point","coordinates":[35.277249,33.265904]}},{"type":"Feature","properties":{"parcelNumber":"621","approximate":false},"geometry":{"type":"Point","coordinates":[35.262203,33.261874]}},{"type":"Feature","properties":{"parcelNumber":"622","approximate":false},"geometry":{"type":"Point","coordinates":[35.261449,33.261331]}},{"type":"Feature","properties":{"parcelNumber":"623","approximate":false},"geometry":{"type":"Point","coordinates":[35.260715,33.26148]}},{"type":"Feature","properties":{"parcelNumber":"624","approximate":false},"geometry":{"type":"Point","coordinates":[35.25819,33.260298]}},{"type":"Feature","properties":{"parcelNumber":"625","approximate":false},"geometry":{"type":"Point","coordinates":[35.258751,33.260358]}},{"type":"Feature","properties":{"parcelNumber":"626","approximate":false},"geometry":{"type":"Point","coordinates":[35.25945,33.260271]}},{"type":"Feature","properties":{"parcelNumber":"627","approximate":false},"geometry":{"type":"Point","coordinates":[35.259312,33.259944]}},{"type":"Feature","properties":{"parcelNumber":"628","approximate":false},"geometry":{"type":"Point","coordinates":[35.25959,33.258975]}},{"type":"Feature","properties":{"parcelNumber":"629","approximate":false},"geometry":{"type":"Point","coordinates":[35.258512,33.258859]}},{"type":"Feature","properties":{"parcelNumber":"630","approximate":false},"geometry":{"type":"Point","coordinates":[35.260718,33.258447]}},{"type":"Feature","properties":{"parcelNumber":"631","approximate":false},"geometry":{"type":"Point","coordinates":[35.259344,33.258233]}},{"type":"Feature","properties":{"parcelNumber":"632","approximate":false},"geometry":{"type":"Point","coordinates":[35.26118,33.257868]}},{"type":"Feature","properties":{"parcelNumber":"633","approximate":false},"geometry":{"type":"Point","coordinates":[35.259655,33.257607]}},{"type":"Feature","properties":{"parcelNumber":"634","approximate":false},"geometry":{"type":"Point","coordinates":[35.260875,33.257448]}},{"type":"Feature","properties":{"parcelNumber":"635","approximate":false},"geometry":{"type":"Point","coordinates":[35.257639,33.258268]}},{"type":"Feature","properties":{"parcelNumber":"636","approximate":false},"geometry":{"type":"Point","coordinates":[35.257909,33.257777]}},{"type":"Feature","properties":{"parcelNumber":"637","approximate":false},"geometry":{"type":"Point","coordinates":[35.256369,33.258329]}},{"type":"Feature","properties":{"parcelNumber":"638","approximate":false},"geometry":{"type":"Point","coordinates":[35.256226,33.257543]}},{"type":"Feature","properties":{"parcelNumber":"639","approximate":false},"geometry":{"type":"Point","coordinates":[35.256855,33.257118]}},{"type":"Feature","properties":{"parcelNumber":"640","approximate":false},"geometry":{"type":"Point","coordinates":[35.258403,33.257357]}},{"type":"Feature","properties":{"parcelNumber":"641","approximate":false},"geometry":{"type":"Point","coordinates":[35.259347,33.257295]}},{"type":"Feature","properties":{"parcelNumber":"642","approximate":false},"geometry":{"type":"Point","coordinates":[35.259139,33.257149]}},{"type":"Feature","properties":{"parcelNumber":"643","approximate":false},"geometry":{"type":"Point","coordinates":[35.259482,33.25698]}},{"type":"Feature","properties":{"parcelNumber":"644","approximate":false},"geometry":{"type":"Point","coordinates":[35.261123,33.2568]}},{"type":"Feature","properties":{"parcelNumber":"645","approximate":false},"geometry":{"type":"Point","coordinates":[35.260031,33.257012]}},{"type":"Feature","properties":{"parcelNumber":"646","approximate":false},"geometry":{"type":"Point","coordinates":[35.260257,33.256039]}},{"type":"Feature","properties":{"parcelNumber":"647","approximate":false},"geometry":{"type":"Point","coordinates":[35.259967,33.256528]}},{"type":"Feature","properties":{"parcelNumber":"648","approximate":false},"geometry":{"type":"Point","coordinates":[35.259657,33.256426]}},{"type":"Feature","properties":{"parcelNumber":"649","approximate":false},"geometry":{"type":"Point","coordinates":[35.260897,33.256528]}},{"type":"Feature","properties":{"parcelNumber":"650","approximate":false},"geometry":{"type":"Point","coordinates":[35.261713,33.257179]}},{"type":"Feature","properties":{"parcelNumber":"651","approximate":false},"geometry":{"type":"Point","coordinates":[35.258666,33.25669]}},{"type":"Feature","properties":{"parcelNumber":"652","approximate":false},"geometry":{"type":"Point","coordinates":[35.258542,33.256224]}},{"type":"Feature","properties":{"parcelNumber":"653","approximate":false},"geometry":{"type":"Point","coordinates":[35.259025,33.256022]}},{"type":"Feature","properties":{"parcelNumber":"654","approximate":false},"geometry":{"type":"Point","coordinates":[35.259365,33.256201]}},{"type":"Feature","properties":{"parcelNumber":"655","approximate":false},"geometry":{"type":"Point","coordinates":[35.259303,33.255976]}},{"type":"Feature","properties":{"parcelNumber":"656","approximate":false},"geometry":{"type":"Point","coordinates":[35.259743,33.255617]}},{"type":"Feature","properties":{"parcelNumber":"657","approximate":false},"geometry":{"type":"Point","coordinates":[35.259909,33.255254]}},{"type":"Feature","properties":{"parcelNumber":"658","approximate":false},"geometry":{"type":"Point","coordinates":[35.259074,33.255624]}},{"type":"Feature","properties":{"parcelNumber":"659","approximate":false},"geometry":{"type":"Point","coordinates":[35.259377,33.255335]}},{"type":"Feature","properties":{"parcelNumber":"660","approximate":false},"geometry":{"type":"Point","coordinates":[35.258711,33.255491]}},{"type":"Feature","properties":{"parcelNumber":"661","approximate":false},"geometry":{"type":"Point","coordinates":[35.258158,33.255671]}},{"type":"Feature","properties":{"parcelNumber":"662","approximate":false},"geometry":{"type":"Point","coordinates":[35.258095,33.2554]}},{"type":"Feature","properties":{"parcelNumber":"663","approximate":false},"geometry":{"type":"Point","coordinates":[35.257208,33.255584]}},{"type":"Feature","properties":{"parcelNumber":"664","approximate":false},"geometry":{"type":"Point","coordinates":[35.257026,33.256182]}},{"type":"Feature","properties":{"parcelNumber":"665","approximate":false},"geometry":{"type":"Point","coordinates":[35.257627,33.255828]}},{"type":"Feature","properties":{"parcelNumber":"666","approximate":false},"geometry":{"type":"Point","coordinates":[35.255862,33.256444]}},{"type":"Feature","properties":{"parcelNumber":"667","approximate":false},"geometry":{"type":"Point","coordinates":[35.257067,33.25979]}},{"type":"Feature","properties":{"parcelNumber":"668","approximate":false},"geometry":{"type":"Point","coordinates":[35.256612,33.258947]}},{"type":"Feature","properties":{"parcelNumber":"669","approximate":false},"geometry":{"type":"Point","coordinates":[35.254878,33.25825]}},{"type":"Feature","properties":{"parcelNumber":"670","approximate":false},"geometry":{"type":"Point","coordinates":[35.25375,33.257404]}},{"type":"Feature","properties":{"parcelNumber":"671","approximate":false},"geometry":{"type":"Point","coordinates":[35.254135,33.257326]}},{"type":"Feature","properties":{"parcelNumber":"672","approximate":false},"geometry":{"type":"Point","coordinates":[35.252669,33.257321]}},{"type":"Feature","properties":{"parcelNumber":"673","approximate":false},"geometry":{"type":"Point","coordinates":[35.25258,33.258087]}},{"type":"Feature","properties":{"parcelNumber":"674","approximate":false},"geometry":{"type":"Point","coordinates":[35.253358,33.258525]}},{"type":"Feature","properties":{"parcelNumber":"675","approximate":false},"geometry":{"type":"Point","coordinates":[35.254417,33.258943]}},{"type":"Feature","properties":{"parcelNumber":"676","approximate":false},"geometry":{"type":"Point","coordinates":[35.256626,33.26054]}},{"type":"Feature","properties":{"parcelNumber":"677","approximate":false},"geometry":{"type":"Point","coordinates":[35.252646,33.259268]}},{"type":"Feature","properties":{"parcelNumber":"678","approximate":false},"geometry":{"type":"Point","coordinates":[35.254373,33.259519]}},{"type":"Feature","properties":{"parcelNumber":"679","approximate":false},"geometry":{"type":"Point","coordinates":[35.252156,33.259291]}},{"type":"Feature","properties":{"parcelNumber":"680","approximate":false},"geometry":{"type":"Point","coordinates":[35.252737,33.259755]}},{"type":"Feature","properties":{"parcelNumber":"681","approximate":false},"geometry":{"type":"Point","coordinates":[35.253073,33.259895]}},{"type":"Feature","properties":{"parcelNumber":"682","approximate":false},"geometry":{"type":"Point","coordinates":[35.254236,33.260063]}},{"type":"Feature","properties":{"parcelNumber":"683","approximate":false},"geometry":{"type":"Point","coordinates":[35.255258,33.260582]}},{"type":"Feature","properties":{"parcelNumber":"684","approximate":false},"geometry":{"type":"Point","coordinates":[35.256388,33.262508]}},{"type":"Feature","properties":{"parcelNumber":"685","approximate":false},"geometry":{"type":"Point","coordinates":[35.25613,33.263311]}},{"type":"Feature","properties":{"parcelNumber":"686","approximate":false},"geometry":{"type":"Point","coordinates":[35.255412,33.262379]}},{"type":"Feature","properties":{"parcelNumber":"687","approximate":false},"geometry":{"type":"Point","coordinates":[35.255048,33.26129]}},{"type":"Feature","properties":{"parcelNumber":"688","approximate":false},"geometry":{"type":"Point","coordinates":[35.256403,33.261376]}},{"type":"Feature","properties":{"parcelNumber":"689","approximate":false},"geometry":{"type":"Point","coordinates":[35.253975,33.260759]}},{"type":"Feature","properties":{"parcelNumber":"690","approximate":false},"geometry":{"type":"Point","coordinates":[35.254381,33.261835]}},{"type":"Feature","properties":{"parcelNumber":"691","approximate":false},"geometry":{"type":"Point","coordinates":[35.254347,33.26264]}},{"type":"Feature","properties":{"parcelNumber":"692","approximate":false},"geometry":{"type":"Point","coordinates":[35.253437,33.261535]}},{"type":"Feature","properties":{"parcelNumber":"693","approximate":false},"geometry":{"type":"Point","coordinates":[35.253401,33.260904]}},{"type":"Feature","properties":{"parcelNumber":"694","approximate":false},"geometry":{"type":"Point","coordinates":[35.252705,33.260137]}},{"type":"Feature","properties":{"parcelNumber":"695","approximate":false},"geometry":{"type":"Point","coordinates":[35.252741,33.260703]}},{"type":"Feature","properties":{"parcelNumber":"696","approximate":false},"geometry":{"type":"Point","coordinates":[35.252008,33.259768]}},{"type":"Feature","properties":{"parcelNumber":"697","approximate":false},"geometry":{"type":"Point","coordinates":[35.25182,33.260281]}},{"type":"Feature","properties":{"parcelNumber":"698","approximate":false},"geometry":{"type":"Point","coordinates":[35.250847,33.259661]}},{"type":"Feature","properties":{"parcelNumber":"699","approximate":false},"geometry":{"type":"Point","coordinates":[35.249995,33.260755]}},{"type":"Feature","properties":{"parcelNumber":"700","approximate":false},"geometry":{"type":"Point","coordinates":[35.251153,33.260506]}},{"type":"Feature","properties":{"parcelNumber":"701","approximate":false},"geometry":{"type":"Point","coordinates":[35.251203,33.259005]}},{"type":"Feature","properties":{"parcelNumber":"702","approximate":false},"geometry":{"type":"Point","coordinates":[35.254253,33.260555]}},{"type":"Feature","properties":{"parcelNumber":"703","approximate":false},"geometry":{"type":"Point","coordinates":[35.249623,33.259573]}},{"type":"Feature","properties":{"parcelNumber":"704","approximate":false},"geometry":{"type":"Point","coordinates":[35.250458,33.258608]}},{"type":"Feature","properties":{"parcelNumber":"705","approximate":false},"geometry":{"type":"Point","coordinates":[35.250525,33.25908]}},{"type":"Feature","properties":{"parcelNumber":"706","approximate":false},"geometry":{"type":"Point","coordinates":[35.250622,33.2583]}},{"type":"Feature","properties":{"parcelNumber":"707","approximate":false},"geometry":{"type":"Point","coordinates":[35.250133,33.25794]}},{"type":"Feature","properties":{"parcelNumber":"708","approximate":false},"geometry":{"type":"Point","coordinates":[35.249665,33.25795]}},{"type":"Feature","properties":{"parcelNumber":"709","approximate":false},"geometry":{"type":"Point","coordinates":[35.250258,33.257131]}},{"type":"Feature","properties":{"parcelNumber":"710","approximate":false},"geometry":{"type":"Point","coordinates":[35.250492,33.257311]}},{"type":"Feature","properties":{"parcelNumber":"711","approximate":false},"geometry":{"type":"Point","coordinates":[35.25045,33.256584]}},{"type":"Feature","properties":{"parcelNumber":"712","approximate":false},"geometry":{"type":"Point","coordinates":[35.250634,33.256655]}},{"type":"Feature","properties":{"parcelNumber":"713","approximate":false},"geometry":{"type":"Point","coordinates":[35.249253,33.257101]}},{"type":"Feature","properties":{"parcelNumber":"714","approximate":false},"geometry":{"type":"Point","coordinates":[35.247712,33.256496]}},{"type":"Feature","properties":{"parcelNumber":"715","approximate":false},"geometry":{"type":"Point","coordinates":[35.247005,33.25523]}},{"type":"Feature","properties":{"parcelNumber":"716","approximate":false},"geometry":{"type":"Point","coordinates":[35.249512,33.256659]}},{"type":"Feature","properties":{"parcelNumber":"717","approximate":false},"geometry":{"type":"Point","coordinates":[35.249412,33.258618]}},{"type":"Feature","properties":{"parcelNumber":"718","approximate":false},"geometry":{"type":"Point","coordinates":[35.254926,33.25624]}},{"type":"Feature","properties":{"parcelNumber":"719","approximate":false},"geometry":{"type":"Point","coordinates":[35.254192,33.257067]}},{"type":"Feature","properties":{"parcelNumber":"720","approximate":false},"geometry":{"type":"Point","coordinates":[35.252766,33.256692]}},{"type":"Feature","properties":{"parcelNumber":"721","approximate":false},"geometry":{"type":"Point","coordinates":[35.25149,33.256199]}},{"type":"Feature","properties":{"parcelNumber":"722","approximate":false},"geometry":{"type":"Point","coordinates":[35.251548,33.257155]}},{"type":"Feature","properties":{"parcelNumber":"723","approximate":false},"geometry":{"type":"Point","coordinates":[35.251043,33.257572]}},{"type":"Feature","properties":{"parcelNumber":"724","approximate":false},"geometry":{"type":"Point","coordinates":[35.265508,33.254397]}},{"type":"Feature","properties":{"parcelNumber":"725","approximate":false},"geometry":{"type":"Point","coordinates":[35.264938,33.253906]}},{"type":"Feature","properties":{"parcelNumber":"726","approximate":false},"geometry":{"type":"Point","coordinates":[35.264434,33.253831]}},{"type":"Feature","properties":{"parcelNumber":"727","approximate":false},"geometry":{"type":"Point","coordinates":[35.263935,33.254632]}},{"type":"Feature","properties":{"parcelNumber":"728","approximate":false},"geometry":{"type":"Point","coordinates":[35.261217,33.255027]}},{"type":"Feature","properties":{"parcelNumber":"729","approximate":false},"geometry":{"type":"Point","coordinates":[35.258876,33.255085]}},{"type":"Feature","properties":{"parcelNumber":"730","approximate":false},"geometry":{"type":"Point","coordinates":[35.258469,33.255201]}},{"type":"Feature","properties":{"parcelNumber":"731","approximate":false},"geometry":{"type":"Point","coordinates":[35.258684,33.254773]}},{"type":"Feature","properties":{"parcelNumber":"732","approximate":false},"geometry":{"type":"Point","coordinates":[35.258216,33.255019]}},{"type":"Feature","properties":{"parcelNumber":"733","approximate":false},"geometry":{"type":"Point","coordinates":[35.257702,33.255162]}},{"type":"Feature","properties":{"parcelNumber":"734","approximate":false},"geometry":{"type":"Point","coordinates":[35.256812,33.255159]}},{"type":"Feature","properties":{"parcelNumber":"735","approximate":false},"geometry":{"type":"Point","coordinates":[35.257538,33.254911]}},{"type":"Feature","properties":{"parcelNumber":"736","approximate":false},"geometry":{"type":"Point","coordinates":[35.257695,33.254458]}},{"type":"Feature","properties":{"parcelNumber":"737","approximate":false},"geometry":{"type":"Point","coordinates":[35.259964,33.254631]}},{"type":"Feature","properties":{"parcelNumber":"738","approximate":false},"geometry":{"type":"Point","coordinates":[35.263042,33.253667]}},{"type":"Feature","properties":{"parcelNumber":"739","approximate":false},"geometry":{"type":"Point","coordinates":[35.262547,33.25406]}},{"type":"Feature","properties":{"parcelNumber":"740","approximate":false},"geometry":{"type":"Point","coordinates":[35.262062,33.253776]}},{"type":"Feature","properties":{"parcelNumber":"741","approximate":false},"geometry":{"type":"Point","coordinates":[35.261752,33.253904]}},{"type":"Feature","properties":{"parcelNumber":"742","approximate":false},"geometry":{"type":"Point","coordinates":[35.261489,33.253985]}},{"type":"Feature","properties":{"parcelNumber":"743","approximate":false},"geometry":{"type":"Point","coordinates":[35.260344,33.254038]}},{"type":"Feature","properties":{"parcelNumber":"744","approximate":false},"geometry":{"type":"Point","coordinates":[35.260271,33.253568]}},{"type":"Feature","properties":{"parcelNumber":"745","approximate":false},"geometry":{"type":"Point","coordinates":[35.261863,33.253235]}},{"type":"Feature","properties":{"parcelNumber":"746","approximate":false},"geometry":{"type":"Point","coordinates":[35.259079,33.253198]}},{"type":"Feature","properties":{"parcelNumber":"747","approximate":false},"geometry":{"type":"Point","coordinates":[35.256625,33.253481]}},{"type":"Feature","properties":{"parcelNumber":"748","approximate":false},"geometry":{"type":"Point","coordinates":[35.255294,33.254292]}},{"type":"Feature","properties":{"parcelNumber":"749","approximate":false},"geometry":{"type":"Point","coordinates":[35.256367,33.254802]}},{"type":"Feature","properties":{"parcelNumber":"750","approximate":false},"geometry":{"type":"Point","coordinates":[35.256051,33.255171]}},{"type":"Feature","properties":{"parcelNumber":"751","approximate":false},"geometry":{"type":"Point","coordinates":[35.255129,33.255134]}},{"type":"Feature","properties":{"parcelNumber":"752","approximate":false},"geometry":{"type":"Point","coordinates":[35.255387,33.255542]}},{"type":"Feature","properties":{"parcelNumber":"753","approximate":false},"geometry":{"type":"Point","coordinates":[35.253011,33.25442]}},{"type":"Feature","properties":{"parcelNumber":"754","approximate":false},"geometry":{"type":"Point","coordinates":[35.252749,33.253417]}},{"type":"Feature","properties":{"parcelNumber":"755","approximate":false},"geometry":{"type":"Point","coordinates":[35.252034,33.253322]}},{"type":"Feature","properties":{"parcelNumber":"756","approximate":false},"geometry":{"type":"Point","coordinates":[35.254205,33.253373]}},{"type":"Feature","properties":{"parcelNumber":"757","approximate":false},"geometry":{"type":"Point","coordinates":[35.25534,33.253021]}},{"type":"Feature","properties":{"parcelNumber":"758","approximate":false},"geometry":{"type":"Point","coordinates":[35.254953,33.25254]}},{"type":"Feature","properties":{"parcelNumber":"759","approximate":false},"geometry":{"type":"Point","coordinates":[35.251224,33.253521]}},{"type":"Feature","properties":{"parcelNumber":"760","approximate":false},"geometry":{"type":"Point","coordinates":[35.249637,33.253525]}},{"type":"Feature","properties":{"parcelNumber":"761","approximate":false},"geometry":{"type":"Point","coordinates":[35.250904,33.254671]}},{"type":"Feature","properties":{"parcelNumber":"762","approximate":false},"geometry":{"type":"Point","coordinates":[35.253105,33.255482]}},{"type":"Feature","properties":{"parcelNumber":"763","approximate":false},"geometry":{"type":"Point","coordinates":[35.252892,33.255826]}},{"type":"Feature","properties":{"parcelNumber":"764","approximate":false},"geometry":{"type":"Point","coordinates":[35.250252,33.255695]}},{"type":"Feature","properties":{"parcelNumber":"765","approximate":false},"geometry":{"type":"Point","coordinates":[35.249945,33.256329]}},{"type":"Feature","properties":{"parcelNumber":"766","approximate":false},"geometry":{"type":"Point","coordinates":[35.249237,33.255344]}},{"type":"Feature","properties":{"parcelNumber":"767","approximate":false},"geometry":{"type":"Point","coordinates":[35.248404,33.254075]}},{"type":"Feature","properties":{"parcelNumber":"768","approximate":false},"geometry":{"type":"Point","coordinates":[35.247161,33.253474]}},{"type":"Feature","properties":{"parcelNumber":"769","approximate":false},"geometry":{"type":"Point","coordinates":[35.243983,33.252605]}},{"type":"Feature","properties":{"parcelNumber":"770","approximate":false},"geometry":{"type":"Point","coordinates":[35.245027,33.251051]}},{"type":"Feature","properties":{"parcelNumber":"771","approximate":false},"geometry":{"type":"Point","coordinates":[35.245504,33.251528]}},{"type":"Feature","properties":{"parcelNumber":"772","approximate":false},"geometry":{"type":"Point","coordinates":[35.24578,33.251997]}},{"type":"Feature","properties":{"parcelNumber":"773","approximate":false},"geometry":{"type":"Point","coordinates":[35.245709,33.252687]}},{"type":"Feature","properties":{"parcelNumber":"774","approximate":false},"geometry":{"type":"Point","coordinates":[35.247094,33.24799]}},{"type":"Feature","properties":{"parcelNumber":"775","approximate":false},"geometry":{"type":"Point","coordinates":[35.245598,33.246741]}},{"type":"Feature","properties":{"parcelNumber":"776","approximate":false},"geometry":{"type":"Point","coordinates":[35.2489,33.248921]}},{"type":"Feature","properties":{"parcelNumber":"777","approximate":false},"geometry":{"type":"Point","coordinates":[35.2445,33.252723]}},{"type":"Feature","properties":{"parcelNumber":"778","approximate":false},"geometry":{"type":"Point","coordinates":[35.246003,33.247247]}},{"type":"Feature","properties":{"parcelNumber":"779","approximate":false},"geometry":{"type":"Point","coordinates":[35.25037,33.249142]}},{"type":"Feature","properties":{"parcelNumber":"780","approximate":false},"geometry":{"type":"Point","coordinates":[35.246602,33.249036]}},{"type":"Feature","properties":{"parcelNumber":"781","approximate":false},"geometry":{"type":"Point","coordinates":[35.247029,33.249516]}},{"type":"Feature","properties":{"parcelNumber":"782","approximate":false},"geometry":{"type":"Point","coordinates":[35.246414,33.250731]}},{"type":"Feature","properties":{"parcelNumber":"783","approximate":false},"geometry":{"type":"Point","coordinates":[35.246312,33.251841]}},{"type":"Feature","properties":{"parcelNumber":"784","approximate":false},"geometry":{"type":"Point","coordinates":[35.249512,33.252593]}},{"type":"Feature","properties":{"parcelNumber":"785","approximate":false},"geometry":{"type":"Point","coordinates":[35.249684,33.251556]}},{"type":"Feature","properties":{"parcelNumber":"786","approximate":false},"geometry":{"type":"Point","coordinates":[35.248873,33.250308]}},{"type":"Feature","properties":{"parcelNumber":"787","approximate":false},"geometry":{"type":"Point","coordinates":[35.250532,33.250742]}},{"type":"Feature","properties":{"parcelNumber":"788","approximate":false},"geometry":{"type":"Point","coordinates":[35.251356,33.251057]}},{"type":"Feature","properties":{"parcelNumber":"789","approximate":false},"geometry":{"type":"Point","coordinates":[35.251008,33.251753]}},{"type":"Feature","properties":{"parcelNumber":"790","approximate":false},"geometry":{"type":"Point","coordinates":[35.252165,33.252444]}},{"type":"Feature","properties":{"parcelNumber":"791","approximate":false},"geometry":{"type":"Point","coordinates":[35.248578,33.249481]}},{"type":"Feature","properties":{"parcelNumber":"792","approximate":false},"geometry":{"type":"Point","coordinates":[35.258668,33.252045]}},{"type":"Feature","properties":{"parcelNumber":"793","approximate":false},"geometry":{"type":"Point","coordinates":[35.25782,33.251925]}},{"type":"Feature","properties":{"parcelNumber":"794","approximate":false},"geometry":{"type":"Point","coordinates":[35.257007,33.251828]}},{"type":"Feature","properties":{"parcelNumber":"795","approximate":false},"geometry":{"type":"Point","coordinates":[35.256636,33.250773]}},{"type":"Feature","properties":{"parcelNumber":"796","approximate":false},"geometry":{"type":"Point","coordinates":[35.258086,33.251054]}},{"type":"Feature","properties":{"parcelNumber":"797","approximate":false},"geometry":{"type":"Point","coordinates":[35.259365,33.251776]}},{"type":"Feature","properties":{"parcelNumber":"798","approximate":false},"geometry":{"type":"Point","coordinates":[35.254949,33.25209]}},{"type":"Feature","properties":{"parcelNumber":"799","approximate":false},"geometry":{"type":"Point","coordinates":[35.254825,33.250006]}},{"type":"Feature","properties":{"parcelNumber":"800","approximate":false},"geometry":{"type":"Point","coordinates":[35.25424,33.252477]}},{"type":"Feature","properties":{"parcelNumber":"801","approximate":false},"geometry":{"type":"Point","coordinates":[35.253808,33.252082]}},{"type":"Feature","properties":{"parcelNumber":"802","approximate":false},"geometry":{"type":"Point","coordinates":[35.253263,33.251852]}},{"type":"Feature","properties":{"parcelNumber":"803","approximate":false},"geometry":{"type":"Point","coordinates":[35.252577,33.25169]}},{"type":"Feature","properties":{"parcelNumber":"804","approximate":false},"geometry":{"type":"Point","coordinates":[35.253373,33.252653]}},{"type":"Feature","properties":{"parcelNumber":"805","approximate":false},"geometry":{"type":"Point","coordinates":[35.256177,33.252152]}},{"type":"Feature","properties":{"parcelNumber":"806","approximate":false},"geometry":{"type":"Point","coordinates":[35.244503,33.24512]}},{"type":"Feature","properties":{"parcelNumber":"807","approximate":false},"geometry":{"type":"Point","coordinates":[35.245181,33.245341]}},{"type":"Feature","properties":{"parcelNumber":"808","approximate":false},"geometry":{"type":"Point","coordinates":[35.245744,33.244955]}},{"type":"Feature","properties":{"parcelNumber":"809","approximate":false},"geometry":{"type":"Point","coordinates":[35.246112,33.244497]}},{"type":"Feature","properties":{"parcelNumber":"810","approximate":false},"geometry":{"type":"Point","coordinates":[35.246961,33.244483]}},{"type":"Feature","properties":{"parcelNumber":"811","approximate":false},"geometry":{"type":"Point","coordinates":[35.247179,33.245569]}},{"type":"Feature","properties":{"parcelNumber":"812","approximate":false},"geometry":{"type":"Point","coordinates":[35.246744,33.246284]}},{"type":"Feature","properties":{"parcelNumber":"813","approximate":false},"geometry":{"type":"Point","coordinates":[35.24601,33.246117]}},{"type":"Feature","properties":{"parcelNumber":"814","approximate":false},"geometry":{"type":"Point","coordinates":[35.247472,33.246804]}},{"type":"Feature","properties":{"parcelNumber":"815","approximate":false},"geometry":{"type":"Point","coordinates":[35.248111,33.246952]}},{"type":"Feature","properties":{"parcelNumber":"816","approximate":false},"geometry":{"type":"Point","coordinates":[35.248139,33.245921]}},{"type":"Feature","properties":{"parcelNumber":"817","approximate":false},"geometry":{"type":"Point","coordinates":[35.249012,33.245493]}},{"type":"Feature","properties":{"parcelNumber":"818","approximate":false},"geometry":{"type":"Point","coordinates":[35.250077,33.244701]}},{"type":"Feature","properties":{"parcelNumber":"819","approximate":false},"geometry":{"type":"Point","coordinates":[35.24863,33.244242]}},{"type":"Feature","properties":{"parcelNumber":"820","approximate":false},"geometry":{"type":"Point","coordinates":[35.260407,33.25169]}},{"type":"Feature","properties":{"parcelNumber":"821","approximate":false},"geometry":{"type":"Point","coordinates":[35.260836,33.251871]}},{"type":"Feature","properties":{"parcelNumber":"822","approximate":false},"geometry":{"type":"Point","coordinates":[35.261569,33.252196]}},{"type":"Feature","properties":{"parcelNumber":"823","approximate":false},"geometry":{"type":"Point","coordinates":[35.260859,33.252328]}},{"type":"Feature","properties":{"parcelNumber":"824","approximate":false},"geometry":{"type":"Point","coordinates":[35.261591,33.25273]}},{"type":"Feature","properties":{"parcelNumber":"825","approximate":false},"geometry":{"type":"Point","coordinates":[35.262102,33.252801]}},{"type":"Feature","properties":{"parcelNumber":"826","approximate":false},"geometry":{"type":"Point","coordinates":[35.262967,33.253188]}},{"type":"Feature","properties":{"parcelNumber":"827","approximate":false},"geometry":{"type":"Point","coordinates":[35.262893,33.25289]}},{"type":"Feature","properties":{"parcelNumber":"828","approximate":false},"geometry":{"type":"Point","coordinates":[35.263613,33.25317]}},{"type":"Feature","properties":{"parcelNumber":"829","approximate":false},"geometry":{"type":"Point","coordinates":[35.263871,33.252811]}},{"type":"Feature","properties":{"parcelNumber":"830","approximate":false},"geometry":{"type":"Point","coordinates":[35.264137,33.252606]}},{"type":"Feature","properties":{"parcelNumber":"831","approximate":false},"geometry":{"type":"Point","coordinates":[35.263512,33.252499]}},{"type":"Feature","properties":{"parcelNumber":"832","approximate":false},"geometry":{"type":"Point","coordinates":[35.262849,33.25234]}},{"type":"Feature","properties":{"parcelNumber":"833","approximate":false},"geometry":{"type":"Point","coordinates":[35.260312,33.250984]}},{"type":"Feature","properties":{"parcelNumber":"834","approximate":false},"geometry":{"type":"Point","coordinates":[35.259116,33.250463]}},{"type":"Feature","properties":{"parcelNumber":"835","approximate":false},"geometry":{"type":"Point","coordinates":[35.259366,33.250874]}},{"type":"Feature","properties":{"parcelNumber":"837","approximate":false},"geometry":{"type":"Point","coordinates":[35.259693,33.250431]}},{"type":"Feature","properties":{"parcelNumber":"838","approximate":false},"geometry":{"type":"Point","coordinates":[35.258075,33.250014]}},{"type":"Feature","properties":{"parcelNumber":"839","approximate":false},"geometry":{"type":"Point","coordinates":[35.256847,33.249741]}},{"type":"Feature","properties":{"parcelNumber":"840","approximate":false},"geometry":{"type":"Point","coordinates":[35.256219,33.249335]}},{"type":"Feature","properties":{"parcelNumber":"841","approximate":false},"geometry":{"type":"Point","coordinates":[35.255173,33.249443]}},{"type":"Feature","properties":{"parcelNumber":"842","approximate":false},"geometry":{"type":"Point","coordinates":[35.25284,33.247144]}},{"type":"Feature","properties":{"parcelNumber":"843","approximate":false},"geometry":{"type":"Point","coordinates":[35.2555,33.248389]}},{"type":"Feature","properties":{"parcelNumber":"844","approximate":false},"geometry":{"type":"Point","coordinates":[35.25279,33.248641]}},{"type":"Feature","properties":{"parcelNumber":"845","approximate":false},"geometry":{"type":"Point","coordinates":[35.257351,33.250229]}},{"type":"Feature","properties":{"parcelNumber":"846","approximate":false},"geometry":{"type":"Point","coordinates":[35.253595,33.24788]}},{"type":"Feature","properties":{"parcelNumber":"847","approximate":false},"geometry":{"type":"Point","coordinates":[35.259907,33.250206]}},{"type":"Feature","properties":{"parcelNumber":"848","approximate":false},"geometry":{"type":"Point","coordinates":[35.260247,33.250368]}},{"type":"Feature","properties":{"parcelNumber":"849","approximate":false},"geometry":{"type":"Point","coordinates":[35.257084,33.248644]}},{"type":"Feature","properties":{"parcelNumber":"850","approximate":false},"geometry":{"type":"Point","coordinates":[35.257158,33.248397]}},{"type":"Feature","properties":{"parcelNumber":"851","approximate":false},"geometry":{"type":"Point","coordinates":[35.256553,33.248743]}},{"type":"Feature","properties":{"parcelNumber":"852","approximate":false},"geometry":{"type":"Point","coordinates":[35.255205,33.247409]}},{"type":"Feature","properties":{"parcelNumber":"853","approximate":false},"geometry":{"type":"Point","coordinates":[35.254133,33.247171]}},{"type":"Feature","properties":{"parcelNumber":"854","approximate":false},"geometry":{"type":"Point","coordinates":[35.251256,33.247098]}},{"type":"Feature","properties":{"parcelNumber":"855","approximate":false},"geometry":{"type":"Point","coordinates":[35.250192,33.246549]}},{"type":"Feature","properties":{"parcelNumber":"856","approximate":false},"geometry":{"type":"Point","coordinates":[35.250544,33.246055]}},{"type":"Feature","properties":{"parcelNumber":"857","approximate":false},"geometry":{"type":"Point","coordinates":[35.253061,33.24562]}},{"type":"Feature","properties":{"parcelNumber":"858","approximate":false},"geometry":{"type":"Point","coordinates":[35.254525,33.246867]}},{"type":"Feature","properties":{"parcelNumber":"859","approximate":false},"geometry":{"type":"Point","coordinates":[35.257504,33.248296]}},{"type":"Feature","properties":{"parcelNumber":"860","approximate":false},"geometry":{"type":"Point","coordinates":[35.258224,33.248337]}},{"type":"Feature","properties":{"parcelNumber":"861","approximate":false},"geometry":{"type":"Point","coordinates":[35.256589,33.247416]}},{"type":"Feature","properties":{"parcelNumber":"862","approximate":false},"geometry":{"type":"Point","coordinates":[35.254466,33.245949]}},{"type":"Feature","properties":{"parcelNumber":"863","approximate":false},"geometry":{"type":"Point","coordinates":[35.257533,33.249242]}},{"type":"Feature","properties":{"parcelNumber":"864","approximate":false},"geometry":{"type":"Point","coordinates":[35.256159,33.246007]}},{"type":"Feature","properties":{"parcelNumber":"865","approximate":false},"geometry":{"type":"Point","coordinates":[35.257187,33.245385]}},{"type":"Feature","properties":{"parcelNumber":"866","approximate":false},"geometry":{"type":"Point","coordinates":[35.258271,33.245734]}},{"type":"Feature","properties":{"parcelNumber":"867","approximate":false},"geometry":{"type":"Point","coordinates":[35.258926,33.246621]}},{"type":"Feature","properties":{"parcelNumber":"868","approximate":false},"geometry":{"type":"Point","coordinates":[35.257666,33.246654]}},{"type":"Feature","properties":{"parcelNumber":"869","approximate":false},"geometry":{"type":"Point","coordinates":[35.257493,33.247225]}},{"type":"Feature","properties":{"parcelNumber":"870","approximate":false},"geometry":{"type":"Point","coordinates":[35.256769,33.247045]}},{"type":"Feature","properties":{"parcelNumber":"871","approximate":false},"geometry":{"type":"Point","coordinates":[35.25592,33.246728]}},{"type":"Feature","properties":{"parcelNumber":"872","approximate":false},"geometry":{"type":"Point","coordinates":[35.25711,33.247415]}},{"type":"Feature","properties":{"parcelNumber":"873","approximate":false},"geometry":{"type":"Point","coordinates":[35.259433,33.2488]}},{"type":"Feature","properties":{"parcelNumber":"874","approximate":false},"geometry":{"type":"Point","coordinates":[35.262494,33.251313]}},{"type":"Feature","properties":{"parcelNumber":"875","approximate":false},"geometry":{"type":"Point","coordinates":[35.261571,33.251261]}},{"type":"Feature","properties":{"parcelNumber":"876","approximate":false},"geometry":{"type":"Point","coordinates":[35.261465,33.251045]}},{"type":"Feature","properties":{"parcelNumber":"877","approximate":false},"geometry":{"type":"Point","coordinates":[35.262028,33.251622]}},{"type":"Feature","properties":{"parcelNumber":"878","approximate":false},"geometry":{"type":"Point","coordinates":[35.262617,33.251993]}},{"type":"Feature","properties":{"parcelNumber":"879","approximate":false},"geometry":{"type":"Point","coordinates":[35.264046,33.251932]}},{"type":"Feature","properties":{"parcelNumber":"880","approximate":false},"geometry":{"type":"Point","coordinates":[35.263002,33.251608]}},{"type":"Feature","properties":{"parcelNumber":"881","approximate":false},"geometry":{"type":"Point","coordinates":[35.258236,33.247836]}},{"type":"Feature","properties":{"parcelNumber":"882","approximate":false},"geometry":{"type":"Point","coordinates":[35.259797,33.248434]}},{"type":"Feature","properties":{"parcelNumber":"883","approximate":false},"geometry":{"type":"Point","coordinates":[35.260353,33.250147]}},{"type":"Feature","properties":{"parcelNumber":"884","approximate":false},"geometry":{"type":"Point","coordinates":[35.26191,33.248087]}},{"type":"Feature","properties":{"parcelNumber":"885","approximate":false},"geometry":{"type":"Point","coordinates":[35.263096,33.249232]}},{"type":"Feature","properties":{"parcelNumber":"886","approximate":false},"geometry":{"type":"Point","coordinates":[35.261214,33.249967]}},{"type":"Feature","properties":{"parcelNumber":"887","approximate":false},"geometry":{"type":"Point","coordinates":[35.261515,33.250916]}},{"type":"Feature","properties":{"parcelNumber":"888","approximate":false},"geometry":{"type":"Point","coordinates":[35.26437,33.250672]}},{"type":"Feature","properties":{"parcelNumber":"889","approximate":false},"geometry":{"type":"Point","coordinates":[35.263924,33.251158]}},{"type":"Feature","properties":{"parcelNumber":"890","approximate":false},"geometry":{"type":"Point","coordinates":[35.264755,33.250701]}},{"type":"Feature","properties":{"parcelNumber":"891","approximate":false},"geometry":{"type":"Point","coordinates":[35.262456,33.250799]}},{"type":"Feature","properties":{"parcelNumber":"892","approximate":false},"geometry":{"type":"Point","coordinates":[35.265164,33.250001]}},{"type":"Feature","properties":{"parcelNumber":"893","approximate":false},"geometry":{"type":"Point","coordinates":[35.265707,33.250127]}},{"type":"Feature","properties":{"parcelNumber":"894","approximate":false},"geometry":{"type":"Point","coordinates":[35.266784,33.249565]}},{"type":"Feature","properties":{"parcelNumber":"895","approximate":false},"geometry":{"type":"Point","coordinates":[35.266579,33.249325]}},{"type":"Feature","properties":{"parcelNumber":"896","approximate":false},"geometry":{"type":"Point","coordinates":[35.267508,33.249159]}},{"type":"Feature","properties":{"parcelNumber":"897","approximate":false},"geometry":{"type":"Point","coordinates":[35.268377,33.248984]}},{"type":"Feature","properties":{"parcelNumber":"898","approximate":false},"geometry":{"type":"Point","coordinates":[35.264783,33.249549]}},{"type":"Feature","properties":{"parcelNumber":"899","approximate":false},"geometry":{"type":"Point","coordinates":[35.262438,33.250369]}},{"type":"Feature","properties":{"parcelNumber":"900","approximate":false},"geometry":{"type":"Point","coordinates":[35.262661,33.247487]}},{"type":"Feature","properties":{"parcelNumber":"901","approximate":false},"geometry":{"type":"Point","coordinates":[35.261897,33.247443]}},{"type":"Feature","properties":{"parcelNumber":"902","approximate":false},"geometry":{"type":"Point","coordinates":[35.263664,33.248279]}},{"type":"Feature","properties":{"parcelNumber":"903","approximate":false},"geometry":{"type":"Point","coordinates":[35.262054,33.246158]}},{"type":"Feature","properties":{"parcelNumber":"904","approximate":false},"geometry":{"type":"Point","coordinates":[35.261355,33.244544]}},{"type":"Feature","properties":{"parcelNumber":"906","approximate":false},"geometry":{"type":"Point","coordinates":[35.259425,33.244602]}},{"type":"Feature","properties":{"parcelNumber":"907","approximate":false},"geometry":{"type":"Point","coordinates":[35.257952,33.245417]}},{"type":"Feature","properties":{"parcelNumber":"908","approximate":false},"geometry":{"type":"Point","coordinates":[35.259852,33.245814]}},{"type":"Feature","properties":{"parcelNumber":"909","approximate":false},"geometry":{"type":"Point","coordinates":[35.257454,33.24487]}},{"type":"Feature","properties":{"parcelNumber":"910","approximate":false},"geometry":{"type":"Point","coordinates":[35.256233,33.245341]}},{"type":"Feature","properties":{"parcelNumber":"911","approximate":false},"geometry":{"type":"Point","coordinates":[35.256404,33.245123]}},{"type":"Feature","properties":{"parcelNumber":"912","approximate":false},"geometry":{"type":"Point","coordinates":[35.260663,33.245489]}},{"type":"Feature","properties":{"parcelNumber":"913","approximate":false},"geometry":{"type":"Point","coordinates":[35.2595,33.246235]}},{"type":"Feature","properties":{"parcelNumber":"914","approximate":false},"geometry":{"type":"Point","coordinates":[35.260854,33.243091]}},{"type":"Feature","properties":{"parcelNumber":"915","approximate":false},"geometry":{"type":"Point","coordinates":[35.260123,33.242058]}},{"type":"Feature","properties":{"parcelNumber":"916","approximate":false},"geometry":{"type":"Point","coordinates":[35.259816,33.24293]}},{"type":"Feature","properties":{"parcelNumber":"917","approximate":false},"geometry":{"type":"Point","coordinates":[35.259345,33.243475]}},{"type":"Feature","properties":{"parcelNumber":"918","approximate":false},"geometry":{"type":"Point","coordinates":[35.259948,33.243905]}},{"type":"Feature","properties":{"parcelNumber":"919","approximate":false},"geometry":{"type":"Point","coordinates":[35.259156,33.244156]}},{"type":"Feature","properties":{"parcelNumber":"920","approximate":false},"geometry":{"type":"Point","coordinates":[35.258548,33.243621]}},{"type":"Feature","properties":{"parcelNumber":"921","approximate":false},"geometry":{"type":"Point","coordinates":[35.258327,33.244471]}},{"type":"Feature","properties":{"parcelNumber":"922","approximate":false},"geometry":{"type":"Point","coordinates":[35.258186,33.243185]}},{"type":"Feature","properties":{"parcelNumber":"923","approximate":false},"geometry":{"type":"Point","coordinates":[35.257414,33.243988]}},{"type":"Feature","properties":{"parcelNumber":"924","approximate":false},"geometry":{"type":"Point","coordinates":[35.257581,33.242567]}},{"type":"Feature","properties":{"parcelNumber":"925","approximate":false},"geometry":{"type":"Point","coordinates":[35.259259,33.241948]}},{"type":"Feature","properties":{"parcelNumber":"926","approximate":false},"geometry":{"type":"Point","coordinates":[35.258566,33.241438]}},{"type":"Feature","properties":{"parcelNumber":"927","approximate":false},"geometry":{"type":"Point","coordinates":[35.259415,33.241152]}},{"type":"Feature","properties":{"parcelNumber":"928","approximate":false},"geometry":{"type":"Point","coordinates":[35.260171,33.24103]}},{"type":"Feature","properties":{"parcelNumber":"929","approximate":false},"geometry":{"type":"Point","coordinates":[35.254962,33.245291]}},{"type":"Feature","properties":{"parcelNumber":"930","approximate":false},"geometry":{"type":"Point","coordinates":[35.255145,33.244847]}},{"type":"Feature","properties":{"parcelNumber":"931","approximate":false},"geometry":{"type":"Point","coordinates":[35.256734,33.244367]}},{"type":"Feature","properties":{"parcelNumber":"932","approximate":false},"geometry":{"type":"Point","coordinates":[35.255719,33.243302]}},{"type":"Feature","properties":{"parcelNumber":"933","approximate":false},"geometry":{"type":"Point","coordinates":[35.25336,33.244595]}},{"type":"Feature","properties":{"parcelNumber":"934","approximate":false},"geometry":{"type":"Point","coordinates":[35.25654,33.24209]}},{"type":"Feature","properties":{"parcelNumber":"935","approximate":false},"geometry":{"type":"Point","coordinates":[35.257913,33.241132]}},{"type":"Feature","properties":{"parcelNumber":"936","approximate":false},"geometry":{"type":"Point","coordinates":[35.269862,33.248861]}},{"type":"Feature","properties":{"parcelNumber":"937","approximate":false},"geometry":{"type":"Point","coordinates":[35.268976,33.249364]}},{"type":"Feature","properties":{"parcelNumber":"938","approximate":false},"geometry":{"type":"Point","coordinates":[35.267247,33.250034]}},{"type":"Feature","properties":{"parcelNumber":"939","approximate":false},"geometry":{"type":"Point","coordinates":[35.267006,33.250581]}},{"type":"Feature","properties":{"parcelNumber":"940","approximate":false},"geometry":{"type":"Point","coordinates":[35.266547,33.250636]}},{"type":"Feature","properties":{"parcelNumber":"941","approximate":false},"geometry":{"type":"Point","coordinates":[35.266153,33.250664]}},{"type":"Feature","properties":{"parcelNumber":"942","approximate":false},"geometry":{"type":"Point","coordinates":[35.265358,33.250875]}},{"type":"Feature","properties":{"parcelNumber":"943","approximate":false},"geometry":{"type":"Point","coordinates":[35.26472,33.251166]}},{"type":"Feature","properties":{"parcelNumber":"944","approximate":false},"geometry":{"type":"Point","coordinates":[35.265002,33.251479]}},{"type":"Feature","properties":{"parcelNumber":"945","approximate":false},"geometry":{"type":"Point","coordinates":[35.265171,33.251674]}},{"type":"Feature","properties":{"parcelNumber":"946","approximate":false},"geometry":{"type":"Point","coordinates":[35.264006,33.25166]}},{"type":"Feature","properties":{"parcelNumber":"947","approximate":false},"geometry":{"type":"Point","coordinates":[35.264769,33.252174]}},{"type":"Feature","properties":{"parcelNumber":"948","approximate":false},"geometry":{"type":"Point","coordinates":[35.265742,33.252054]}},{"type":"Feature","properties":{"parcelNumber":"949","approximate":false},"geometry":{"type":"Point","coordinates":[35.266304,33.251514]}},{"type":"Feature","properties":{"parcelNumber":"950","approximate":false},"geometry":{"type":"Point","coordinates":[35.265613,33.251386]}},{"type":"Feature","properties":{"parcelNumber":"951","approximate":false},"geometry":{"type":"Point","coordinates":[35.266188,33.251051]}},{"type":"Feature","properties":{"parcelNumber":"952","approximate":false},"geometry":{"type":"Point","coordinates":[35.265275,33.251184]}},{"type":"Feature","properties":{"parcelNumber":"953","approximate":false},"geometry":{"type":"Point","coordinates":[35.265663,33.252545]}},{"type":"Feature","properties":{"parcelNumber":"954","approximate":false},"geometry":{"type":"Point","coordinates":[35.264949,33.252587]}},{"type":"Feature","properties":{"parcelNumber":"955","approximate":false},"geometry":{"type":"Point","coordinates":[35.265119,33.252971]}},{"type":"Feature","properties":{"parcelNumber":"956","approximate":false},"geometry":{"type":"Point","coordinates":[35.266252,33.252732]}},{"type":"Feature","properties":{"parcelNumber":"957","approximate":false},"geometry":{"type":"Point","coordinates":[35.265833,33.252698]}},{"type":"Feature","properties":{"parcelNumber":"958","approximate":false},"geometry":{"type":"Point","coordinates":[35.265948,33.252826]}},{"type":"Feature","properties":{"parcelNumber":"959","approximate":false},"geometry":{"type":"Point","coordinates":[35.266542,33.252319]}},{"type":"Feature","properties":{"parcelNumber":"960","approximate":false},"geometry":{"type":"Point","coordinates":[35.266871,33.252562]}},{"type":"Feature","properties":{"parcelNumber":"961","approximate":false},"geometry":{"type":"Point","coordinates":[35.267297,33.252977]}},{"type":"Feature","properties":{"parcelNumber":"962","approximate":false},"geometry":{"type":"Point","coordinates":[35.266608,33.253902]}},{"type":"Feature","properties":{"parcelNumber":"963","approximate":false},"geometry":{"type":"Point","coordinates":[35.266133,33.253763]}},{"type":"Feature","properties":{"parcelNumber":"964","approximate":false},"geometry":{"type":"Point","coordinates":[35.26537,33.253278]}},{"type":"Feature","properties":{"parcelNumber":"965","approximate":false},"geometry":{"type":"Point","coordinates":[35.266135,33.253135]}},{"type":"Feature","properties":{"parcelNumber":"966","approximate":false},"geometry":{"type":"Point","coordinates":[35.265656,33.253768]}},{"type":"Feature","properties":{"parcelNumber":"967","approximate":false},"geometry":{"type":"Point","coordinates":[35.265191,33.253578]}},{"type":"Feature","properties":{"parcelNumber":"968","approximate":false},"geometry":{"type":"Point","coordinates":[35.264628,33.253158]}},{"type":"Feature","properties":{"parcelNumber":"969","approximate":false},"geometry":{"type":"Point","coordinates":[35.264932,33.253499]}},{"type":"Feature","properties":{"parcelNumber":"970","approximate":false},"geometry":{"type":"Point","coordinates":[35.264725,33.253448]}},{"type":"Feature","properties":{"parcelNumber":"971","approximate":false},"geometry":{"type":"Point","coordinates":[35.264393,33.253376]}},{"type":"Feature","properties":{"parcelNumber":"972","approximate":false},"geometry":{"type":"Point","coordinates":[35.268931,33.253885]}},{"type":"Feature","properties":{"parcelNumber":"973","approximate":false},"geometry":{"type":"Point","coordinates":[35.268411,33.253641]}},{"type":"Feature","properties":{"parcelNumber":"974","approximate":false},"geometry":{"type":"Point","coordinates":[35.268652,33.25295]}},{"type":"Feature","properties":{"parcelNumber":"975","approximate":false},"geometry":{"type":"Point","coordinates":[35.267992,33.253679]}},{"type":"Feature","properties":{"parcelNumber":"976","approximate":false},"geometry":{"type":"Point","coordinates":[35.267732,33.254035]}},{"type":"Feature","properties":{"parcelNumber":"977","approximate":false},"geometry":{"type":"Point","coordinates":[35.267088,33.253969]}},{"type":"Feature","properties":{"parcelNumber":"978","approximate":false},"geometry":{"type":"Point","coordinates":[35.267048,33.253457]}},{"type":"Feature","properties":{"parcelNumber":"979","approximate":false},"geometry":{"type":"Point","coordinates":[35.26762,33.253352]}},{"type":"Feature","properties":{"parcelNumber":"980","approximate":false},"geometry":{"type":"Point","coordinates":[35.268182,33.252937]}},{"type":"Feature","properties":{"parcelNumber":"981","approximate":false},"geometry":{"type":"Point","coordinates":[35.267856,33.252797]}},{"type":"Feature","properties":{"parcelNumber":"982","approximate":false},"geometry":{"type":"Point","coordinates":[35.26845,33.254015]}},{"type":"Feature","properties":{"parcelNumber":"983","approximate":false},"geometry":{"type":"Point","coordinates":[35.269652,33.252883]}},{"type":"Feature","properties":{"parcelNumber":"984","approximate":false},"geometry":{"type":"Point","coordinates":[35.269622,33.252794]}},{"type":"Feature","properties":{"parcelNumber":"986","approximate":false},"geometry":{"type":"Point","coordinates":[35.269339,33.252514]}},{"type":"Feature","properties":{"parcelNumber":"987","approximate":false},"geometry":{"type":"Point","coordinates":[35.269703,33.252545]}},{"type":"Feature","properties":{"parcelNumber":"988","approximate":false},"geometry":{"type":"Point","coordinates":[35.269575,33.252397]}},{"type":"Feature","properties":{"parcelNumber":"989","approximate":false},"geometry":{"type":"Point","coordinates":[35.269709,33.252111]}},{"type":"Feature","properties":{"parcelNumber":"990","approximate":false},"geometry":{"type":"Point","coordinates":[35.269367,33.252185]}},{"type":"Feature","properties":{"parcelNumber":"991","approximate":false},"geometry":{"type":"Point","coordinates":[35.269002,33.252263]}},{"type":"Feature","properties":{"parcelNumber":"992","approximate":false},"geometry":{"type":"Point","coordinates":[35.268523,33.251913]}},{"type":"Feature","properties":{"parcelNumber":"993","approximate":false},"geometry":{"type":"Point","coordinates":[35.268512,33.25233]}},{"type":"Feature","properties":{"parcelNumber":"994","approximate":false},"geometry":{"type":"Point","coordinates":[35.268134,33.251744]}},{"type":"Feature","properties":{"parcelNumber":"995","approximate":false},"geometry":{"type":"Point","coordinates":[35.268166,33.252387]}},{"type":"Feature","properties":{"parcelNumber":"996","approximate":false},"geometry":{"type":"Point","coordinates":[35.268346,33.25247]}},{"type":"Feature","properties":{"parcelNumber":"997","approximate":false},"geometry":{"type":"Point","coordinates":[35.268656,33.252544]}},{"type":"Feature","properties":{"parcelNumber":"998","approximate":false},"geometry":{"type":"Point","coordinates":[35.268942,33.252653]}},{"type":"Feature","properties":{"parcelNumber":"999","approximate":false},"geometry":{"type":"Point","coordinates":[35.269078,33.252565]}},{"type":"Feature","properties":{"parcelNumber":"1000","approximate":false},"geometry":{"type":"Point","coordinates":[35.267733,33.252088]}},{"type":"Feature","properties":{"parcelNumber":"1001","approximate":false},"geometry":{"type":"Point","coordinates":[35.267565,33.252411]}},{"type":"Feature","properties":{"parcelNumber":"1002","approximate":false},"geometry":{"type":"Point","coordinates":[35.267262,33.25219]}},{"type":"Feature","properties":{"parcelNumber":"1003","approximate":false},"geometry":{"type":"Point","coordinates":[35.266891,33.252202]}},{"type":"Feature","properties":{"parcelNumber":"1004","approximate":false},"geometry":{"type":"Point","coordinates":[35.267099,33.251899]}},{"type":"Feature","properties":{"parcelNumber":"1005","approximate":false},"geometry":{"type":"Point","coordinates":[35.266804,33.251762]}},{"type":"Feature","properties":{"parcelNumber":"1006","approximate":false},"geometry":{"type":"Point","coordinates":[35.266503,33.25184]}},{"type":"Feature","properties":{"parcelNumber":"1007","approximate":false},"geometry":{"type":"Point","coordinates":[35.26656,33.252081]}},{"type":"Feature","properties":{"parcelNumber":"1008","approximate":false},"geometry":{"type":"Point","coordinates":[35.266956,33.251524]}},{"type":"Feature","properties":{"parcelNumber":"1009","approximate":false},"geometry":{"type":"Point","coordinates":[35.267503,33.251724]}},{"type":"Feature","properties":{"parcelNumber":"1010","approximate":false},"geometry":{"type":"Point","coordinates":[35.267544,33.251162]}},{"type":"Feature","properties":{"parcelNumber":"1011","approximate":false},"geometry":{"type":"Point","coordinates":[35.267739,33.250951]}},{"type":"Feature","properties":{"parcelNumber":"1012","approximate":false},"geometry":{"type":"Point","coordinates":[35.267458,33.250807]}},{"type":"Feature","properties":{"parcelNumber":"1013","approximate":false},"geometry":{"type":"Point","coordinates":[35.269278,33.251801]}},{"type":"Feature","properties":{"parcelNumber":"1014","approximate":false},"geometry":{"type":"Point","coordinates":[35.268193,33.251449]}},{"type":"Feature","properties":{"parcelNumber":"1015","approximate":false},"geometry":{"type":"Point","coordinates":[35.268561,33.251533]}},{"type":"Feature","properties":{"parcelNumber":"1016","approximate":false},"geometry":{"type":"Point","coordinates":[35.268857,33.250599]}},{"type":"Feature","properties":{"parcelNumber":"1017","approximate":false},"geometry":{"type":"Point","coordinates":[35.26877,33.250324]}},{"type":"Feature","properties":{"parcelNumber":"1018","approximate":false},"geometry":{"type":"Point","coordinates":[35.268921,33.250112]}},{"type":"Feature","properties":{"parcelNumber":"1019","approximate":false},"geometry":{"type":"Point","coordinates":[35.268419,33.250108]}},{"type":"Feature","properties":{"parcelNumber":"1020","approximate":false},"geometry":{"type":"Point","coordinates":[35.269096,33.249823]}},{"type":"Feature","properties":{"parcelNumber":"1021","approximate":false},"geometry":{"type":"Point","coordinates":[35.269505,33.249404]}},{"type":"Feature","properties":{"parcelNumber":"1022","approximate":false},"geometry":{"type":"Point","coordinates":[35.246913,33.242408]}},{"type":"Feature","properties":{"parcelNumber":"1023","approximate":false},"geometry":{"type":"Point","coordinates":[35.246849,33.243041]}},{"type":"Feature","properties":{"parcelNumber":"1024","approximate":false},"geometry":{"type":"Point","coordinates":[35.247167,33.243847]}},{"type":"Feature","properties":{"parcelNumber":"1025","approximate":false},"geometry":{"type":"Point","coordinates":[35.245668,33.243934]}},{"type":"Feature","properties":{"parcelNumber":"1026","approximate":false},"geometry":{"type":"Point","coordinates":[35.244192,33.243369]}},{"type":"Feature","properties":{"parcelNumber":"1028","approximate":false},"geometry":{"type":"Point","coordinates":[35.245165,33.244502]}},{"type":"Feature","properties":{"parcelNumber":"1029","approximate":false},"geometry":{"type":"Point","coordinates":[35.243297,33.243962]}},{"type":"Feature","properties":{"parcelNumber":"1030","approximate":false},"geometry":{"type":"Point","coordinates":[35.25157,33.244881]}},{"type":"Feature","properties":{"parcelNumber":"1031","approximate":false},"geometry":{"type":"Point","coordinates":[35.252191,33.244376]}},{"type":"Feature","properties":{"parcelNumber":"1032","approximate":false},"geometry":{"type":"Point","coordinates":[35.252381,33.244764]}},{"type":"Feature","properties":{"parcelNumber":"1033","approximate":false},"geometry":{"type":"Point","coordinates":[35.252401,33.244154]}},{"type":"Feature","properties":{"parcelNumber":"1034","approximate":false},"geometry":{"type":"Point","coordinates":[35.253002,33.245304]}},{"type":"Feature","properties":{"parcelNumber":"1035","approximate":false},"geometry":{"type":"Point","coordinates":[35.253719,33.243481]}},{"type":"Feature","properties":{"parcelNumber":"1036","approximate":false},"geometry":{"type":"Point","coordinates":[35.252977,33.24305]}},{"type":"Feature","properties":{"parcelNumber":"1037","approximate":false},"geometry":{"type":"Point","coordinates":[35.252272,33.243519]}},{"type":"Feature","properties":{"parcelNumber":"1038","approximate":false},"geometry":{"type":"Point","coordinates":[35.251826,33.242335]}},{"type":"Feature","properties":{"parcelNumber":"1039","approximate":false},"geometry":{"type":"Point","coordinates":[35.25117,33.242562]}},{"type":"Feature","properties":{"parcelNumber":"1040","approximate":false},"geometry":{"type":"Point","coordinates":[35.254477,33.242273]}},{"type":"Feature","properties":{"parcelNumber":"1041","approximate":false},"geometry":{"type":"Point","coordinates":[35.255073,33.241664]}},{"type":"Feature","properties":{"parcelNumber":"1042","approximate":false},"geometry":{"type":"Point","coordinates":[35.25639,33.240952]}},{"type":"Feature","properties":{"parcelNumber":"1043","approximate":false},"geometry":{"type":"Point","coordinates":[35.250205,33.24152]}},{"type":"Feature","properties":{"parcelNumber":"1044","approximate":false},"geometry":{"type":"Point","coordinates":[35.253279,33.239382]}},{"type":"Feature","properties":{"parcelNumber":"1045","approximate":false},"geometry":{"type":"Point","coordinates":[35.269505,33.248297]}},{"type":"Feature","properties":{"parcelNumber":"1046","approximate":false},"geometry":{"type":"Point","coordinates":[35.26981,33.248012]}},{"type":"Feature","properties":{"parcelNumber":"1047","approximate":false},"geometry":{"type":"Point","coordinates":[35.268992,33.248552]}},{"type":"Feature","properties":{"parcelNumber":"1048","approximate":false},"geometry":{"type":"Point","coordinates":[35.268581,33.248494]}},{"type":"Feature","properties":{"parcelNumber":"1049","approximate":false},"geometry":{"type":"Point","coordinates":[35.26791,33.24752]}},{"type":"Feature","properties":{"parcelNumber":"1050","approximate":false},"geometry":{"type":"Point","coordinates":[35.268502,33.247969]}},{"type":"Feature","properties":{"parcelNumber":"1051","approximate":false},"geometry":{"type":"Point","coordinates":[35.268075,33.248556]}},{"type":"Feature","properties":{"parcelNumber":"1052","approximate":false},"geometry":{"type":"Point","coordinates":[35.267693,33.24881]}},{"type":"Feature","properties":{"parcelNumber":"1053","approximate":false},"geometry":{"type":"Point","coordinates":[35.265695,33.248463]}},{"type":"Feature","properties":{"parcelNumber":"1054","approximate":false},"geometry":{"type":"Point","coordinates":[35.266648,33.247514]}},{"type":"Feature","properties":{"parcelNumber":"1055","approximate":false},"geometry":{"type":"Point","coordinates":[35.266955,33.247044]}},{"type":"Feature","properties":{"parcelNumber":"1056","approximate":false},"geometry":{"type":"Point","coordinates":[35.26539,33.247225]}},{"type":"Feature","properties":{"parcelNumber":"1057","approximate":false},"geometry":{"type":"Point","coordinates":[35.264361,33.24778]}},{"type":"Feature","properties":{"parcelNumber":"1058","approximate":false},"geometry":{"type":"Point","coordinates":[35.26414,33.246871]}},{"type":"Feature","properties":{"parcelNumber":"1059","approximate":false},"geometry":{"type":"Point","coordinates":[35.263195,33.246884]}},{"type":"Feature","properties":{"parcelNumber":"1060","approximate":false},"geometry":{"type":"Point","coordinates":[35.269265,33.247843]}},{"type":"Feature","properties":{"parcelNumber":"1061","approximate":false},"geometry":{"type":"Point","coordinates":[35.269718,33.247601]}},{"type":"Feature","properties":{"parcelNumber":"1062","approximate":false},"geometry":{"type":"Point","coordinates":[35.269901,33.247599]}},{"type":"Feature","properties":{"parcelNumber":"1063","approximate":false},"geometry":{"type":"Point","coordinates":[35.269873,33.247315]}},{"type":"Feature","properties":{"parcelNumber":"1064","approximate":false},"geometry":{"type":"Point","coordinates":[35.269574,33.247346]}},{"type":"Feature","properties":{"parcelNumber":"1065","approximate":false},"geometry":{"type":"Point","coordinates":[35.269106,33.24764]}},{"type":"Feature","properties":{"parcelNumber":"1066","approximate":false},"geometry":{"type":"Point","coordinates":[35.268667,33.248097]}},{"type":"Feature","properties":{"parcelNumber":"1067","approximate":false},"geometry":{"type":"Point","coordinates":[35.269151,33.246691]}},{"type":"Feature","properties":{"parcelNumber":"1068","approximate":false},"geometry":{"type":"Point","coordinates":[35.269021,33.248304]}},{"type":"Feature","properties":{"parcelNumber":"1069","approximate":false},"geometry":{"type":"Point","coordinates":[35.269467,33.241499]}},{"type":"Feature","properties":{"parcelNumber":"1070","approximate":false},"geometry":{"type":"Point","coordinates":[35.269542,33.239735]}},{"type":"Feature","properties":{"parcelNumber":"1071","approximate":false},"geometry":{"type":"Point","coordinates":[35.268932,33.240787]}},{"type":"Feature","properties":{"parcelNumber":"1072","approximate":false},"geometry":{"type":"Point","coordinates":[35.267812,33.241937]}},{"type":"Feature","properties":{"parcelNumber":"1073","approximate":false},"geometry":{"type":"Point","coordinates":[35.265992,33.24363]}},{"type":"Feature","properties":{"parcelNumber":"1074","approximate":false},"geometry":{"type":"Point","coordinates":[35.267157,33.243407]}},{"type":"Feature","properties":{"parcelNumber":"1075","approximate":false},"geometry":{"type":"Point","coordinates":[35.269171,33.243315]}},{"type":"Feature","properties":{"parcelNumber":"1076","approximate":false},"geometry":{"type":"Point","coordinates":[35.268923,33.245362]}},{"type":"Feature","properties":{"parcelNumber":"1077","approximate":false},"geometry":{"type":"Point","coordinates":[35.2682,33.2465]}},{"type":"Feature","properties":{"parcelNumber":"1078","approximate":false},"geometry":{"type":"Point","coordinates":[35.267851,33.245122]}},{"type":"Feature","properties":{"parcelNumber":"1079","approximate":false},"geometry":{"type":"Point","coordinates":[35.266779,33.245993]}},{"type":"Feature","properties":{"parcelNumber":"1080","approximate":false},"geometry":{"type":"Point","coordinates":[35.266685,33.244851]}},{"type":"Feature","properties":{"parcelNumber":"1081","approximate":false},"geometry":{"type":"Point","coordinates":[35.265783,33.245165]}},{"type":"Feature","properties":{"parcelNumber":"1082","approximate":false},"geometry":{"type":"Point","coordinates":[35.265084,33.245809]}},{"type":"Feature","properties":{"parcelNumber":"1083","approximate":false},"geometry":{"type":"Point","coordinates":[35.26523,33.246621]}},{"type":"Feature","properties":{"parcelNumber":"1084","approximate":false},"geometry":{"type":"Point","coordinates":[35.264018,33.246142]}},{"type":"Feature","properties":{"parcelNumber":"1085","approximate":false},"geometry":{"type":"Point","coordinates":[35.266053,33.24435]}},{"type":"Feature","properties":{"parcelNumber":"1086","approximate":false},"geometry":{"type":"Point","coordinates":[35.266965,33.244181]}},{"type":"Feature","properties":{"parcelNumber":"1087","approximate":false},"geometry":{"type":"Point","coordinates":[35.267955,33.24373]}},{"type":"Feature","properties":{"parcelNumber":"1088","approximate":false},"geometry":{"type":"Point","coordinates":[35.262664,33.246228]}},{"type":"Feature","properties":{"parcelNumber":"1089","approximate":false},"geometry":{"type":"Point","coordinates":[35.261356,33.241736]}},{"type":"Feature","properties":{"parcelNumber":"1090","approximate":false},"geometry":{"type":"Point","coordinates":[35.264721,33.24495]}},{"type":"Feature","properties":{"parcelNumber":"1091","approximate":false},"geometry":{"type":"Point","coordinates":[35.262918,33.245574]}},{"type":"Feature","properties":{"parcelNumber":"1092","approximate":false},"geometry":{"type":"Point","coordinates":[35.261758,33.242589]}},{"type":"Feature","properties":{"parcelNumber":"1093","approximate":false},"geometry":{"type":"Point","coordinates":[35.264039,33.242927]}},{"type":"Feature","properties":{"parcelNumber":"1094","approximate":false},"geometry":{"type":"Point","coordinates":[35.265847,33.241208]}},{"type":"Feature","properties":{"parcelNumber":"1095","approximate":false},"geometry":{"type":"Point","coordinates":[35.264152,33.24109]}},{"type":"Feature","properties":{"parcelNumber":"1096","approximate":false},"geometry":{"type":"Point","coordinates":[35.264235,33.240465]}},{"type":"Feature","properties":{"parcelNumber":"1097","approximate":false},"geometry":{"type":"Point","coordinates":[35.260591,33.240777]}},{"type":"Feature","properties":{"parcelNumber":"1098","approximate":false},"geometry":{"type":"Point","coordinates":[35.258636,33.240128]}},{"type":"Feature","properties":{"parcelNumber":"1099","approximate":false},"geometry":{"type":"Point","coordinates":[35.257248,33.240347]}},{"type":"Feature","properties":{"parcelNumber":"1100","approximate":false},"geometry":{"type":"Point","coordinates":[35.260519,33.240218]}},{"type":"Feature","properties":{"parcelNumber":"1101","approximate":false},"geometry":{"type":"Point","coordinates":[35.261839,33.238077]}},{"type":"Feature","properties":{"parcelNumber":"1102","approximate":false},"geometry":{"type":"Point","coordinates":[35.26156,33.23957]}},{"type":"Feature","properties":{"parcelNumber":"1103","approximate":false},"geometry":{"type":"Point","coordinates":[35.264095,33.239446]}},{"type":"Feature","properties":{"parcelNumber":"1104","approximate":false},"geometry":{"type":"Point","coordinates":[35.266305,33.239599]}},{"type":"Feature","properties":{"parcelNumber":"1105","approximate":false},"geometry":{"type":"Point","coordinates":[35.266363,33.23831]}},{"type":"Feature","properties":{"parcelNumber":"1106","approximate":false},"geometry":{"type":"Point","coordinates":[35.266821,33.238276]}},{"type":"Feature","properties":{"parcelNumber":"1107","approximate":false},"geometry":{"type":"Point","coordinates":[35.267052,33.239658]}},{"type":"Feature","properties":{"parcelNumber":"1108","approximate":false},"geometry":{"type":"Point","coordinates":[35.265253,33.239529]}},{"type":"Feature","properties":{"parcelNumber":"1109","approximate":false},"geometry":{"type":"Point","coordinates":[35.262953,33.238374]}},{"type":"Feature","properties":{"parcelNumber":"1110","approximate":false},"geometry":{"type":"Point","coordinates":[35.262952,33.239489]}},{"type":"Feature","properties":{"parcelNumber":"1111","approximate":false},"geometry":{"type":"Point","coordinates":[35.270412,33.243455]}},{"type":"Feature","properties":{"parcelNumber":"1112","approximate":false},"geometry":{"type":"Point","coordinates":[35.269508,33.242407]}},{"type":"Feature","properties":{"parcelNumber":"1113","approximate":false},"geometry":{"type":"Point","coordinates":[35.270253,33.241524]}},{"type":"Feature","properties":{"parcelNumber":"1114","approximate":false},"geometry":{"type":"Point","coordinates":[35.270523,33.241664]}},{"type":"Feature","properties":{"parcelNumber":"1115","approximate":true},"geometry":{"type":"Point","coordinates":[35.270905,33.242162]}},{"type":"Feature","properties":{"parcelNumber":"1117","approximate":false},"geometry":{"type":"Point","coordinates":[35.267368,33.240851]}},{"type":"Feature","properties":{"parcelNumber":"1118","approximate":false},"geometry":{"type":"Point","coordinates":[35.268397,33.240074]}},{"type":"Feature","properties":{"parcelNumber":"1119","approximate":false},"geometry":{"type":"Point","coordinates":[35.268396,33.239464]}},{"type":"Feature","properties":{"parcelNumber":"1120","approximate":false},"geometry":{"type":"Point","coordinates":[35.278973,33.256099]}},{"type":"Feature","properties":{"parcelNumber":"1121","approximate":false},"geometry":{"type":"Point","coordinates":[35.27835,33.256949]}},{"type":"Feature","properties":{"parcelNumber":"1122","approximate":false},"geometry":{"type":"Point","coordinates":[35.278781,33.258183]}},{"type":"Feature","properties":{"parcelNumber":"1123","approximate":false},"geometry":{"type":"Point","coordinates":[35.277974,33.255404]}},{"type":"Feature","properties":{"parcelNumber":"1124","approximate":false},"geometry":{"type":"Point","coordinates":[35.280043,33.254737]}},{"type":"Feature","properties":{"parcelNumber":"1125","approximate":false},"geometry":{"type":"Point","coordinates":[35.279212,33.255368]}},{"type":"Feature","properties":{"parcelNumber":"1127","approximate":false},"geometry":{"type":"Point","coordinates":[35.280167,33.253476]}},{"type":"Feature","properties":{"parcelNumber":"1128","approximate":false},"geometry":{"type":"Point","coordinates":[35.281132,33.253936]}},{"type":"Feature","properties":{"parcelNumber":"1129","approximate":false},"geometry":{"type":"Point","coordinates":[35.282158,33.254429]}},{"type":"Feature","properties":{"parcelNumber":"1130","approximate":false},"geometry":{"type":"Point","coordinates":[35.282291,33.253695]}},{"type":"Feature","properties":{"parcelNumber":"1131","approximate":false},"geometry":{"type":"Point","coordinates":[35.284188,33.254498]}},{"type":"Feature","properties":{"parcelNumber":"1132","approximate":false},"geometry":{"type":"Point","coordinates":[35.283433,33.255509]}},{"type":"Feature","properties":{"parcelNumber":"1133","approximate":false},"geometry":{"type":"Point","coordinates":[35.285418,33.256048]}},{"type":"Feature","properties":{"parcelNumber":"1134","approximate":false},"geometry":{"type":"Point","coordinates":[35.285758,33.255915]}},{"type":"Feature","properties":{"parcelNumber":"1135","approximate":false},"geometry":{"type":"Point","coordinates":[35.285444,33.254266]}},{"type":"Feature","properties":{"parcelNumber":"1136","approximate":false},"geometry":{"type":"Point","coordinates":[35.285998,33.25435]}},{"type":"Feature","properties":{"parcelNumber":"1137","approximate":false},"geometry":{"type":"Point","coordinates":[35.286311,33.254852]}},{"type":"Feature","properties":{"parcelNumber":"1138","approximate":false},"geometry":{"type":"Point","coordinates":[35.284558,33.253523]}},{"type":"Feature","properties":{"parcelNumber":"1139","approximate":false},"geometry":{"type":"Point","coordinates":[35.279999,33.253214]}},{"type":"Feature","properties":{"parcelNumber":"1140","approximate":false},"geometry":{"type":"Point","coordinates":[35.284242,33.253823]}},{"type":"Feature","properties":{"parcelNumber":"1141","approximate":false},"geometry":{"type":"Point","coordinates":[35.285676,33.255466]}},{"type":"Feature","properties":{"parcelNumber":"1142","approximate":false},"geometry":{"type":"Point","coordinates":[35.285329,33.252931]}},{"type":"Feature","properties":{"parcelNumber":"1143","approximate":false},"geometry":{"type":"Point","coordinates":[35.285119,33.25213]}},{"type":"Feature","properties":{"parcelNumber":"1144","approximate":false},"geometry":{"type":"Point","coordinates":[35.286678,33.25142]}},{"type":"Feature","properties":{"parcelNumber":"1145","approximate":false},"geometry":{"type":"Point","coordinates":[35.285976,33.250223]}},{"type":"Feature","properties":{"parcelNumber":"1146","approximate":false},"geometry":{"type":"Point","coordinates":[35.284721,33.249859]}},{"type":"Feature","properties":{"parcelNumber":"1147","approximate":false},"geometry":{"type":"Point","coordinates":[35.285002,33.251018]}},{"type":"Feature","properties":{"parcelNumber":"1149","approximate":false},"geometry":{"type":"Point","coordinates":[35.283549,33.250033]}},{"type":"Feature","properties":{"parcelNumber":"1150","approximate":false},"geometry":{"type":"Point","coordinates":[35.282824,33.25094]}},{"type":"Feature","properties":{"parcelNumber":"1151","approximate":false},"geometry":{"type":"Point","coordinates":[35.283798,33.251944]}},{"type":"Feature","properties":{"parcelNumber":"1152","approximate":false},"geometry":{"type":"Point","coordinates":[35.283851,33.252736]}},{"type":"Feature","properties":{"parcelNumber":"1153","approximate":false},"geometry":{"type":"Point","coordinates":[35.282247,33.251532]}},{"type":"Feature","properties":{"parcelNumber":"1154","approximate":false},"geometry":{"type":"Point","coordinates":[35.280864,33.250534]}},{"type":"Feature","properties":{"parcelNumber":"1155","approximate":false},"geometry":{"type":"Point","coordinates":[35.281063,33.249311]}},{"type":"Feature","properties":{"parcelNumber":"1156","approximate":false},"geometry":{"type":"Point","coordinates":[35.279919,33.249787]}},{"type":"Feature","properties":{"parcelNumber":"1157","approximate":false},"geometry":{"type":"Point","coordinates":[35.279188,33.250614]}},{"type":"Feature","properties":{"parcelNumber":"1158","approximate":false},"geometry":{"type":"Point","coordinates":[35.280095,33.250881]}},{"type":"Feature","properties":{"parcelNumber":"1159","approximate":false},"geometry":{"type":"Point","coordinates":[35.279605,33.251328]}},{"type":"Feature","properties":{"parcelNumber":"1160","approximate":false},"geometry":{"type":"Point","coordinates":[35.278643,33.252673]}},{"type":"Feature","properties":{"parcelNumber":"1161","approximate":false},"geometry":{"type":"Point","coordinates":[35.280664,33.252512]}},{"type":"Feature","properties":{"parcelNumber":"1162","approximate":false},"geometry":{"type":"Point","coordinates":[35.281827,33.252773]}},{"type":"Feature","properties":{"parcelNumber":"1163","approximate":false},"geometry":{"type":"Point","coordinates":[35.282235,33.252459]}},{"type":"Feature","properties":{"parcelNumber":"1164","approximate":false},"geometry":{"type":"Point","coordinates":[35.281916,33.248637]}},{"type":"Feature","properties":{"parcelNumber":"1165","approximate":false},"geometry":{"type":"Point","coordinates":[35.282667,33.249435]}},{"type":"Feature","properties":{"parcelNumber":"1166","approximate":false},"geometry":{"type":"Point","coordinates":[35.283918,33.248973]}},{"type":"Feature","properties":{"parcelNumber":"1168","approximate":false},"geometry":{"type":"Point","coordinates":[35.282163,33.248205]}},{"type":"Feature","properties":{"parcelNumber":"1169","approximate":false},"geometry":{"type":"Point","coordinates":[35.282558,33.247929]}},{"type":"Feature","properties":{"parcelNumber":"1170","approximate":false},"geometry":{"type":"Point","coordinates":[35.283477,33.247298]}},{"type":"Feature","properties":{"parcelNumber":"1171","approximate":false},"geometry":{"type":"Point","coordinates":[35.284105,33.246217]}},{"type":"Feature","properties":{"parcelNumber":"1172","approximate":false},"geometry":{"type":"Point","coordinates":[35.284062,33.244799]}},{"type":"Feature","properties":{"parcelNumber":"1173","approximate":false},"geometry":{"type":"Point","coordinates":[35.282816,33.247328]}},{"type":"Feature","properties":{"parcelNumber":"1174","approximate":false},"geometry":{"type":"Point","coordinates":[35.281666,33.247263]}},{"type":"Feature","properties":{"parcelNumber":"1175","approximate":false},"geometry":{"type":"Point","coordinates":[35.28193,33.246375]}},{"type":"Feature","properties":{"parcelNumber":"1176","approximate":false},"geometry":{"type":"Point","coordinates":[35.280719,33.246149]}},{"type":"Feature","properties":{"parcelNumber":"1178","approximate":false},"geometry":{"type":"Point","coordinates":[35.28281,33.245534]}},{"type":"Feature","properties":{"parcelNumber":"1179","approximate":false},"geometry":{"type":"Point","coordinates":[35.280032,33.243844]}},{"type":"Feature","properties":{"parcelNumber":"1180","approximate":false},"geometry":{"type":"Point","coordinates":[35.286086,33.245252]}},{"type":"Feature","properties":{"parcelNumber":"1181","approximate":false},"geometry":{"type":"Point","coordinates":[35.28645,33.244698]}},{"type":"Feature","properties":{"parcelNumber":"1182","approximate":false},"geometry":{"type":"Point","coordinates":[35.285809,33.244116]}},{"type":"Feature","properties":{"parcelNumber":"1183","approximate":false},"geometry":{"type":"Point","coordinates":[35.285387,33.244083]}},{"type":"Feature","properties":{"parcelNumber":"1184","approximate":false},"geometry":{"type":"Point","coordinates":[35.284935,33.244155]}},{"type":"Feature","properties":{"parcelNumber":"1185","approximate":false},"geometry":{"type":"Point","coordinates":[35.2844,33.245184]}},{"type":"Feature","properties":{"parcelNumber":"1186","approximate":false},"geometry":{"type":"Point","coordinates":[35.283676,33.2441]}},{"type":"Feature","properties":{"parcelNumber":"1187","approximate":false},"geometry":{"type":"Point","coordinates":[35.283811,33.243392]}},{"type":"Feature","properties":{"parcelNumber":"1188","approximate":false},"geometry":{"type":"Point","coordinates":[35.284731,33.243387]}},{"type":"Feature","properties":{"parcelNumber":"1189","approximate":false},"geometry":{"type":"Point","coordinates":[35.283316,33.242447]}},{"type":"Feature","properties":{"parcelNumber":"1190","approximate":false},"geometry":{"type":"Point","coordinates":[35.282409,33.241627]}},{"type":"Feature","properties":{"parcelNumber":"1191","approximate":false},"geometry":{"type":"Point","coordinates":[35.280558,33.241397]}},{"type":"Feature","properties":{"parcelNumber":"1192","approximate":false},"geometry":{"type":"Point","coordinates":[35.282122,33.242851]}},{"type":"Feature","properties":{"parcelNumber":"1193","approximate":false},"geometry":{"type":"Point","coordinates":[35.279967,33.242064]}},{"type":"Feature","properties":{"parcelNumber":"1194","approximate":false},"geometry":{"type":"Point","coordinates":[35.279049,33.240713]}},{"type":"Feature","properties":{"parcelNumber":"1195","approximate":false},"geometry":{"type":"Point","coordinates":[35.277681,33.239278]}},{"type":"Feature","properties":{"parcelNumber":"1196","approximate":false},"geometry":{"type":"Point","coordinates":[35.277161,33.238838]}},{"type":"Feature","properties":{"parcelNumber":"1197","approximate":false},"geometry":{"type":"Point","coordinates":[35.278356,33.24026]}},{"type":"Feature","properties":{"parcelNumber":"1198","approximate":false},"geometry":{"type":"Point","coordinates":[35.279005,33.241146]}},{"type":"Feature","properties":{"parcelNumber":"1199","approximate":false},"geometry":{"type":"Point","coordinates":[35.277826,33.245484]}},{"type":"Feature","properties":{"parcelNumber":"1200","approximate":false},"geometry":{"type":"Point","coordinates":[35.278357,33.245727]}},{"type":"Feature","properties":{"parcelNumber":"1201","approximate":false},"geometry":{"type":"Point","coordinates":[35.279188,33.245863]}},{"type":"Feature","properties":{"parcelNumber":"1202","approximate":false},"geometry":{"type":"Point","coordinates":[35.280407,33.246643]}},{"type":"Feature","properties":{"parcelNumber":"1203","approximate":false},"geometry":{"type":"Point","coordinates":[35.279849,33.246777]}},{"type":"Feature","properties":{"parcelNumber":"1204","approximate":false},"geometry":{"type":"Point","coordinates":[35.280521,33.247629]}},{"type":"Feature","properties":{"parcelNumber":"1205","approximate":false},"geometry":{"type":"Point","coordinates":[35.277189,33.245512]}},{"type":"Feature","properties":{"parcelNumber":"1206","approximate":false},"geometry":{"type":"Point","coordinates":[35.277112,33.246139]}},{"type":"Feature","properties":{"parcelNumber":"1207","approximate":false},"geometry":{"type":"Point","coordinates":[35.277168,33.240608]}},{"type":"Feature","properties":{"parcelNumber":"1208","approximate":false},"geometry":{"type":"Point","coordinates":[35.274686,33.241032]}},{"type":"Feature","properties":{"parcelNumber":"1209","approximate":false},"geometry":{"type":"Point","coordinates":[35.27451,33.242818]}},{"type":"Feature","properties":{"parcelNumber":"1210","approximate":false},"geometry":{"type":"Point","coordinates":[35.273639,33.243904]}},{"type":"Feature","properties":{"parcelNumber":"1211","approximate":false},"geometry":{"type":"Point","coordinates":[35.272464,33.243794]}},{"type":"Feature","properties":{"parcelNumber":"1212","approximate":false},"geometry":{"type":"Point","coordinates":[35.271312,33.242685]}},{"type":"Feature","properties":{"parcelNumber":"1213","approximate":false},"geometry":{"type":"Point","coordinates":[35.272086,33.243062]}},{"type":"Feature","properties":{"parcelNumber":"1214","approximate":false},"geometry":{"type":"Point","coordinates":[35.274598,33.244666]}},{"type":"Feature","properties":{"parcelNumber":"1215","approximate":false},"geometry":{"type":"Point","coordinates":[35.276311,33.24573]}},{"type":"Feature","properties":{"parcelNumber":"1216","approximate":false},"geometry":{"type":"Point","coordinates":[35.276144,33.243735]}},{"type":"Feature","properties":{"parcelNumber":"1217","approximate":false},"geometry":{"type":"Point","coordinates":[35.27685,33.243103]}},{"type":"Feature","properties":{"parcelNumber":"1218","approximate":false},"geometry":{"type":"Point","coordinates":[35.277779,33.246666]}},{"type":"Feature","properties":{"parcelNumber":"1219","approximate":false},"geometry":{"type":"Point","coordinates":[35.279205,33.247082]}},{"type":"Feature","properties":{"parcelNumber":"1220","approximate":false},"geometry":{"type":"Point","coordinates":[35.2787,33.247648]}},{"type":"Feature","properties":{"parcelNumber":"1221","approximate":false},"geometry":{"type":"Point","coordinates":[35.280511,33.248343]}},{"type":"Feature","properties":{"parcelNumber":"1222","approximate":false},"geometry":{"type":"Point","coordinates":[35.277275,33.24755]}},{"type":"Feature","properties":{"parcelNumber":"1223","approximate":false},"geometry":{"type":"Point","coordinates":[35.276157,33.247615]}},{"type":"Feature","properties":{"parcelNumber":"1224","approximate":false},"geometry":{"type":"Point","coordinates":[35.277361,33.249097]}},{"type":"Feature","properties":{"parcelNumber":"1225","approximate":false},"geometry":{"type":"Point","coordinates":[35.274933,33.250675]}},{"type":"Feature","properties":{"parcelNumber":"1226","approximate":false},"geometry":{"type":"Point","coordinates":[35.275425,33.249933]}},{"type":"Feature","properties":{"parcelNumber":"1227","approximate":false},"geometry":{"type":"Point","coordinates":[35.276368,33.250049]}},{"type":"Feature","properties":{"parcelNumber":"1228","approximate":false},"geometry":{"type":"Point","coordinates":[35.276159,33.250611]}},{"type":"Feature","properties":{"parcelNumber":"1229","approximate":false},"geometry":{"type":"Point","coordinates":[35.276802,33.250845]}},{"type":"Feature","properties":{"parcelNumber":"1230","approximate":false},"geometry":{"type":"Point","coordinates":[35.277581,33.25049]}},{"type":"Feature","properties":{"parcelNumber":"1231","approximate":false},"geometry":{"type":"Point","coordinates":[35.278387,33.251102]}},{"type":"Feature","properties":{"parcelNumber":"1232","approximate":false},"geometry":{"type":"Point","coordinates":[35.278261,33.252264]}},{"type":"Feature","properties":{"parcelNumber":"1233","approximate":false},"geometry":{"type":"Point","coordinates":[35.27699,33.250403]}},{"type":"Feature","properties":{"parcelNumber":"1234","approximate":false},"geometry":{"type":"Point","coordinates":[35.277119,33.251238]}},{"type":"Feature","properties":{"parcelNumber":"1235","approximate":false},"geometry":{"type":"Point","coordinates":[35.277623,33.252092]}},{"type":"Feature","properties":{"parcelNumber":"1236","approximate":false},"geometry":{"type":"Point","coordinates":[35.276822,33.251506]}},{"type":"Feature","properties":{"parcelNumber":"1237","approximate":false},"geometry":{"type":"Point","coordinates":[35.274057,33.252255]}},{"type":"Feature","properties":{"parcelNumber":"1238","approximate":false},"geometry":{"type":"Point","coordinates":[35.273031,33.25142]}},{"type":"Feature","properties":{"parcelNumber":"1239","approximate":false},"geometry":{"type":"Point","coordinates":[35.273333,33.250307]}},{"type":"Feature","properties":{"parcelNumber":"1240","approximate":false},"geometry":{"type":"Point","coordinates":[35.276543,33.251546]}},{"type":"Feature","properties":{"parcelNumber":"1241","approximate":false},"geometry":{"type":"Point","coordinates":[35.275115,33.251862]}},{"type":"Feature","properties":{"parcelNumber":"1242","approximate":false},"geometry":{"type":"Point","coordinates":[35.273884,33.251326]}},{"type":"Feature","properties":{"parcelNumber":"1243","approximate":false},"geometry":{"type":"Point","coordinates":[35.279298,33.253399]}},{"type":"Feature","properties":{"parcelNumber":"1244","approximate":false},"geometry":{"type":"Point","coordinates":[35.279648,33.253399]}},{"type":"Feature","properties":{"parcelNumber":"1245","approximate":false},"geometry":{"type":"Point","coordinates":[35.279207,33.253116]}},{"type":"Feature","properties":{"parcelNumber":"1246","approximate":false},"geometry":{"type":"Point","coordinates":[35.276795,33.253053]}},{"type":"Feature","properties":{"parcelNumber":"1247","approximate":false},"geometry":{"type":"Point","coordinates":[35.275722,33.253906]}},{"type":"Feature","properties":{"parcelNumber":"1248","approximate":false},"geometry":{"type":"Point","coordinates":[35.27844,33.254206]}},{"type":"Feature","properties":{"parcelNumber":"1249","approximate":false},"geometry":{"type":"Point","coordinates":[35.278206,33.254832]}},{"type":"Feature","properties":{"parcelNumber":"1251","approximate":false},"geometry":{"type":"Point","coordinates":[35.276235,33.254612]}},{"type":"Feature","properties":{"parcelNumber":"1252","approximate":false},"geometry":{"type":"Point","coordinates":[35.274809,33.253981]}},{"type":"Feature","properties":{"parcelNumber":"1253","approximate":false},"geometry":{"type":"Point","coordinates":[35.272829,33.253914]}},{"type":"Feature","properties":{"parcelNumber":"1254","approximate":false},"geometry":{"type":"Point","coordinates":[35.272937,33.253654]}},{"type":"Feature","properties":{"parcelNumber":"1255","approximate":false},"geometry":{"type":"Point","coordinates":[35.272781,33.253499]}},{"type":"Feature","properties":{"parcelNumber":"1256","approximate":false},"geometry":{"type":"Point","coordinates":[35.272903,33.253414]}},{"type":"Feature","properties":{"parcelNumber":"1257","approximate":false},"geometry":{"type":"Point","coordinates":[35.273067,33.253456]}},{"type":"Feature","properties":{"parcelNumber":"1258","approximate":false},"geometry":{"type":"Point","coordinates":[35.273284,33.253224]}},{"type":"Feature","properties":{"parcelNumber":"1259","approximate":false},"geometry":{"type":"Point","coordinates":[35.273018,33.252998]}},{"type":"Feature","properties":{"parcelNumber":"1260","approximate":false},"geometry":{"type":"Point","coordinates":[35.273097,33.252933]}},{"type":"Feature","properties":{"parcelNumber":"1261","approximate":false},"geometry":{"type":"Point","coordinates":[35.273357,33.252911]}},{"type":"Feature","properties":{"parcelNumber":"1262","approximate":false},"geometry":{"type":"Point","coordinates":[35.27848,33.250391]}},{"type":"Feature","properties":{"parcelNumber":"1263","approximate":false},"geometry":{"type":"Point","coordinates":[35.273746,33.252923]}},{"type":"Feature","properties":{"parcelNumber":"1264","approximate":false},"geometry":{"type":"Point","coordinates":[35.273601,33.25318]}},{"type":"Feature","properties":{"parcelNumber":"1265","approximate":false},"geometry":{"type":"Point","coordinates":[35.274166,33.253571]}},{"type":"Feature","properties":{"parcelNumber":"1266","approximate":false},"geometry":{"type":"Point","coordinates":[35.274201,33.253269]}},{"type":"Feature","properties":{"parcelNumber":"1267","approximate":false},"geometry":{"type":"Point","coordinates":[35.274149,33.252973]}},{"type":"Feature","properties":{"parcelNumber":"1268","approximate":false},"geometry":{"type":"Point","coordinates":[35.273621,33.253532]}},{"type":"Feature","properties":{"parcelNumber":"1269","approximate":false},"geometry":{"type":"Point","coordinates":[35.275074,33.253382]}},{"type":"Feature","properties":{"parcelNumber":"1270","approximate":false},"geometry":{"type":"Point","coordinates":[35.274599,33.253368]}},{"type":"Feature","properties":{"parcelNumber":"1271","approximate":false},"geometry":{"type":"Point","coordinates":[35.274427,33.254977]}},{"type":"Feature","properties":{"parcelNumber":"1272","approximate":false},"geometry":{"type":"Point","coordinates":[35.274523,33.254591]}},{"type":"Feature","properties":{"parcelNumber":"1273","approximate":false},"geometry":{"type":"Point","coordinates":[35.274928,33.254736]}},{"type":"Feature","properties":{"parcelNumber":"1274","approximate":false},"geometry":{"type":"Point","coordinates":[35.275406,33.254843]}},{"type":"Feature","properties":{"parcelNumber":"1275","approximate":false},"geometry":{"type":"Point","coordinates":[35.275968,33.254865]}},{"type":"Feature","properties":{"parcelNumber":"1276","approximate":false},"geometry":{"type":"Point","coordinates":[35.276779,33.255099]}},{"type":"Feature","properties":{"parcelNumber":"1277","approximate":false},"geometry":{"type":"Point","coordinates":[35.277882,33.255123]}},{"type":"Feature","properties":{"parcelNumber":"1278","approximate":false},"geometry":{"type":"Point","coordinates":[35.27538,33.25521]}},{"type":"Feature","properties":{"parcelNumber":"1279","approximate":false},"geometry":{"type":"Point","coordinates":[35.27608,33.255317]}},{"type":"Feature","properties":{"parcelNumber":"1281","approximate":false},"geometry":{"type":"Point","coordinates":[35.276268,33.25568]}},{"type":"Feature","properties":{"parcelNumber":"1282","approximate":false},"geometry":{"type":"Point","coordinates":[35.275696,33.255706]}},{"type":"Feature","properties":{"parcelNumber":"1283","approximate":false},"geometry":{"type":"Point","coordinates":[35.275067,33.255868]}},{"type":"Feature","properties":{"parcelNumber":"1284","approximate":false},"geometry":{"type":"Point","coordinates":[35.274846,33.255893]}},{"type":"Feature","properties":{"parcelNumber":"1285","approximate":false},"geometry":{"type":"Point","coordinates":[35.274141,33.255804]}},{"type":"Feature","properties":{"parcelNumber":"1287","approximate":false},"geometry":{"type":"Point","coordinates":[35.2737,33.255574]}},{"type":"Feature","properties":{"parcelNumber":"1288","approximate":false},"geometry":{"type":"Point","coordinates":[35.273245,33.255383]}},{"type":"Feature","properties":{"parcelNumber":"1289","approximate":false},"geometry":{"type":"Point","coordinates":[35.272833,33.254998]}},{"type":"Feature","properties":{"parcelNumber":"1291","approximate":false},"geometry":{"type":"Point","coordinates":[35.272094,33.255297]}},{"type":"Feature","properties":{"parcelNumber":"1292","approximate":false},"geometry":{"type":"Point","coordinates":[35.272208,33.254754]}},{"type":"Feature","properties":{"parcelNumber":"1293","approximate":false},"geometry":{"type":"Point","coordinates":[35.272016,33.254454]}},{"type":"Feature","properties":{"parcelNumber":"1294","approximate":false},"geometry":{"type":"Point","coordinates":[35.272591,33.2531]}},{"type":"Feature","properties":{"parcelNumber":"1295","approximate":false},"geometry":{"type":"Point","coordinates":[35.27289,33.252763]}},{"type":"Feature","properties":{"parcelNumber":"1296","approximate":false},"geometry":{"type":"Point","coordinates":[35.272299,33.252723]}},{"type":"Feature","properties":{"parcelNumber":"1297","approximate":false},"geometry":{"type":"Point","coordinates":[35.27271,33.25238]}},{"type":"Feature","properties":{"parcelNumber":"1298","approximate":false},"geometry":{"type":"Point","coordinates":[35.272991,33.252101]}},{"type":"Feature","properties":{"parcelNumber":"1299","approximate":false},"geometry":{"type":"Point","coordinates":[35.271665,33.252047]}},{"type":"Feature","properties":{"parcelNumber":"1300","approximate":false},"geometry":{"type":"Point","coordinates":[35.272355,33.251831]}},{"type":"Feature","properties":{"parcelNumber":"1301","approximate":false},"geometry":{"type":"Point","coordinates":[35.271762,33.25155]}},{"type":"Feature","properties":{"parcelNumber":"1302","approximate":false},"geometry":{"type":"Point","coordinates":[35.271519,33.25152]}},{"type":"Feature","properties":{"parcelNumber":"1303","approximate":false},"geometry":{"type":"Point","coordinates":[35.271502,33.251044]}},{"type":"Feature","properties":{"parcelNumber":"1304","approximate":false},"geometry":{"type":"Point","coordinates":[35.271887,33.250727]}},{"type":"Feature","properties":{"parcelNumber":"1305","approximate":false},"geometry":{"type":"Point","coordinates":[35.272507,33.250741]}},{"type":"Feature","properties":{"parcelNumber":"1306","approximate":false},"geometry":{"type":"Point","coordinates":[35.271456,33.250692]}},{"type":"Feature","properties":{"parcelNumber":"1307","approximate":false},"geometry":{"type":"Point","coordinates":[35.27194,33.249839]}},{"type":"Feature","properties":{"parcelNumber":"1308","approximate":false},"geometry":{"type":"Point","coordinates":[35.271243,33.249196]}},{"type":"Feature","properties":{"parcelNumber":"1309","approximate":false},"geometry":{"type":"Point","coordinates":[35.272206,33.249216]}},{"type":"Feature","properties":{"parcelNumber":"1310","approximate":false},"geometry":{"type":"Point","coordinates":[35.272772,33.249522]}},{"type":"Feature","properties":{"parcelNumber":"1311","approximate":false},"geometry":{"type":"Point","coordinates":[35.271137,33.251965]}},{"type":"Feature","properties":{"parcelNumber":"1312","approximate":false},"geometry":{"type":"Point","coordinates":[35.271355,33.2524]}},{"type":"Feature","properties":{"parcelNumber":"1313","approximate":false},"geometry":{"type":"Point","coordinates":[35.271014,33.252441]}},{"type":"Feature","properties":{"parcelNumber":"1314","approximate":false},"geometry":{"type":"Point","coordinates":[35.270651,33.252499]}},{"type":"Feature","properties":{"parcelNumber":"1315","approximate":false},"geometry":{"type":"Point","coordinates":[35.270075,33.25202]}},{"type":"Feature","properties":{"parcelNumber":"1316","approximate":false},"geometry":{"type":"Point","coordinates":[35.270137,33.251631]}},{"type":"Feature","properties":{"parcelNumber":"1317","approximate":false},"geometry":{"type":"Point","coordinates":[35.270753,33.251842]}},{"type":"Feature","properties":{"parcelNumber":"1318","approximate":false},"geometry":{"type":"Point","coordinates":[35.271023,33.2515]}},{"type":"Feature","properties":{"parcelNumber":"1319","approximate":false},"geometry":{"type":"Point","coordinates":[35.271263,33.251373]}},{"type":"Feature","properties":{"parcelNumber":"1320","approximate":false},"geometry":{"type":"Point","coordinates":[35.270684,33.251303]}},{"type":"Feature","properties":{"parcelNumber":"1321","approximate":false},"geometry":{"type":"Point","coordinates":[35.271008,33.250987]}},{"type":"Feature","properties":{"parcelNumber":"1322","approximate":false},"geometry":{"type":"Point","coordinates":[35.269768,33.251684]}},{"type":"Feature","properties":{"parcelNumber":"1323","approximate":false},"geometry":{"type":"Point","coordinates":[35.270139,33.25128]}},{"type":"Feature","properties":{"parcelNumber":"1324","approximate":false},"geometry":{"type":"Point","coordinates":[35.270902,33.25083]}},{"type":"Feature","properties":{"parcelNumber":"1325","approximate":false},"geometry":{"type":"Point","coordinates":[35.271046,33.250169]}},{"type":"Feature","properties":{"parcelNumber":"1326","approximate":false},"geometry":{"type":"Point","coordinates":[35.269534,33.251206]}},{"type":"Feature","properties":{"parcelNumber":"1327","approximate":false},"geometry":{"type":"Point","coordinates":[35.270107,33.249837]}},{"type":"Feature","properties":{"parcelNumber":"1328","approximate":false},"geometry":{"type":"Point","coordinates":[35.270035,33.249235]}},{"type":"Feature","properties":{"parcelNumber":"1329","approximate":false},"geometry":{"type":"Point","coordinates":[35.271041,33.248842]}},{"type":"Feature","properties":{"parcelNumber":"1330","approximate":false},"geometry":{"type":"Point","coordinates":[35.270819,33.248757]}},{"type":"Feature","properties":{"parcelNumber":"1331","approximate":false},"geometry":{"type":"Point","coordinates":[35.270472,33.248954]}},{"type":"Feature","properties":{"parcelNumber":"1332","approximate":false},"geometry":{"type":"Point","coordinates":[35.27053,33.248645]}},{"type":"Feature","properties":{"parcelNumber":"1333","approximate":false},"geometry":{"type":"Point","coordinates":[35.270795,33.248608]}},{"type":"Feature","properties":{"parcelNumber":"1334","approximate":false},"geometry":{"type":"Point","coordinates":[35.27037,33.248326]}},{"type":"Feature","properties":{"parcelNumber":"1335","approximate":false},"geometry":{"type":"Point","coordinates":[35.27078,33.248018]}},{"type":"Feature","properties":{"parcelNumber":"1336","approximate":false},"geometry":{"type":"Point","coordinates":[35.270201,33.247769]}},{"type":"Feature","properties":{"parcelNumber":"1337","approximate":false},"geometry":{"type":"Point","coordinates":[35.270186,33.247339]}},{"type":"Feature","properties":{"parcelNumber":"1338","approximate":false},"geometry":{"type":"Point","coordinates":[35.271114,33.247632]}},{"type":"Feature","properties":{"parcelNumber":"1339","approximate":false},"geometry":{"type":"Point","coordinates":[35.270751,33.247264]}},{"type":"Feature","properties":{"parcelNumber":"1340","approximate":false},"geometry":{"type":"Point","coordinates":[35.270739,33.247005]}},{"type":"Feature","properties":{"parcelNumber":"1341","approximate":false},"geometry":{"type":"Point","coordinates":[35.271175,33.247243]}},{"type":"Feature","properties":{"parcelNumber":"1342","approximate":false},"geometry":{"type":"Point","coordinates":[35.271463,33.24717]}},{"type":"Feature","properties":{"parcelNumber":"1343","approximate":false},"geometry":{"type":"Point","coordinates":[35.27137,33.246946]}},{"type":"Feature","properties":{"parcelNumber":"1344","approximate":false},"geometry":{"type":"Point","coordinates":[35.271624,33.246809]}},{"type":"Feature","properties":{"parcelNumber":"1345","approximate":false},"geometry":{"type":"Point","coordinates":[35.271072,33.246482]}},{"type":"Feature","properties":{"parcelNumber":"1346","approximate":false},"geometry":{"type":"Point","coordinates":[35.270978,33.246767]}},{"type":"Feature","properties":{"parcelNumber":"1347","approximate":false},"geometry":{"type":"Point","coordinates":[35.270628,33.246604]}},{"type":"Feature","properties":{"parcelNumber":"1348","approximate":false},"geometry":{"type":"Point","coordinates":[35.270405,33.247076]}},{"type":"Feature","properties":{"parcelNumber":"1349","approximate":false},"geometry":{"type":"Point","coordinates":[35.270248,33.246747]}},{"type":"Feature","properties":{"parcelNumber":"1350","approximate":false},"geometry":{"type":"Point","coordinates":[35.271664,33.246444]}},{"type":"Feature","properties":{"parcelNumber":"1351","approximate":false},"geometry":{"type":"Point","coordinates":[35.270175,33.24648]}},{"type":"Feature","properties":{"parcelNumber":"1352","approximate":false},"geometry":{"type":"Point","coordinates":[35.27019,33.246303]}},{"type":"Feature","properties":{"parcelNumber":"1353","approximate":false},"geometry":{"type":"Point","coordinates":[35.270189,33.24611]}},{"type":"Feature","properties":{"parcelNumber":"1354","approximate":false},"geometry":{"type":"Point","coordinates":[35.269786,33.245247]}},{"type":"Feature","properties":{"parcelNumber":"1355","approximate":false},"geometry":{"type":"Point","coordinates":[35.270484,33.245436]}},{"type":"Feature","properties":{"parcelNumber":"1356","approximate":false},"geometry":{"type":"Point","coordinates":[35.270895,33.245402]}},{"type":"Feature","properties":{"parcelNumber":"1357","approximate":false},"geometry":{"type":"Point","coordinates":[35.270965,33.24438]}},{"type":"Feature","properties":{"parcelNumber":"1358","approximate":false},"geometry":{"type":"Point","coordinates":[35.271067,33.245074]}},{"type":"Feature","properties":{"parcelNumber":"1359","approximate":false},"geometry":{"type":"Point","coordinates":[35.271127,33.244858]}},{"type":"Feature","properties":{"parcelNumber":"1360","approximate":false},"geometry":{"type":"Point","coordinates":[35.271399,33.244572]}},{"type":"Feature","properties":{"parcelNumber":"1361","approximate":false},"geometry":{"type":"Point","coordinates":[35.271324,33.245172]}},{"type":"Feature","properties":{"parcelNumber":"1362","approximate":false},"geometry":{"type":"Point","coordinates":[35.271255,33.245465]}},{"type":"Feature","properties":{"parcelNumber":"1363","approximate":false},"geometry":{"type":"Point","coordinates":[35.271706,33.24588]}},{"type":"Feature","properties":{"parcelNumber":"1364","approximate":false},"geometry":{"type":"Point","coordinates":[35.271868,33.245129]}},{"type":"Feature","properties":{"parcelNumber":"1365","approximate":false},"geometry":{"type":"Point","coordinates":[35.271897,33.244534]}},{"type":"Feature","properties":{"parcelNumber":"1366","approximate":false},"geometry":{"type":"Point","coordinates":[35.272345,33.244598]}},{"type":"Feature","properties":{"parcelNumber":"1367","approximate":false},"geometry":{"type":"Point","coordinates":[35.272859,33.244759]}},{"type":"Feature","properties":{"parcelNumber":"1368","approximate":false},"geometry":{"type":"Point","coordinates":[35.272488,33.245447]}},{"type":"Feature","properties":{"parcelNumber":"1369","approximate":false},"geometry":{"type":"Point","coordinates":[35.272174,33.245526]}},{"type":"Feature","properties":{"parcelNumber":"1370","approximate":false},"geometry":{"type":"Point","coordinates":[35.272232,33.245953]}},{"type":"Feature","properties":{"parcelNumber":"1371","approximate":false},"geometry":{"type":"Point","coordinates":[35.272599,33.245921]}},{"type":"Feature","properties":{"parcelNumber":"1372","approximate":false},"geometry":{"type":"Point","coordinates":[35.273051,33.245493]}},{"type":"Feature","properties":{"parcelNumber":"1373","approximate":false},"geometry":{"type":"Point","coordinates":[35.272384,33.246464]}},{"type":"Feature","properties":{"parcelNumber":"1374","approximate":false},"geometry":{"type":"Point","coordinates":[35.273355,33.245688]}},{"type":"Feature","properties":{"parcelNumber":"1375","approximate":false},"geometry":{"type":"Point","coordinates":[35.273913,33.245551]}},{"type":"Feature","properties":{"parcelNumber":"1376","approximate":false},"geometry":{"type":"Point","coordinates":[35.274194,33.244812]}},{"type":"Feature","properties":{"parcelNumber":"1377","approximate":false},"geometry":{"type":"Point","coordinates":[35.275752,33.245013]}},{"type":"Feature","properties":{"parcelNumber":"1378","approximate":false},"geometry":{"type":"Point","coordinates":[35.275248,33.245949]}},{"type":"Feature","properties":{"parcelNumber":"1379","approximate":false},"geometry":{"type":"Point","coordinates":[35.274566,33.246962]}},{"type":"Feature","properties":{"parcelNumber":"1380","approximate":false},"geometry":{"type":"Point","coordinates":[35.273913,33.246549]}},{"type":"Feature","properties":{"parcelNumber":"1381","approximate":false},"geometry":{"type":"Point","coordinates":[35.272395,33.247045]}},{"type":"Feature","properties":{"parcelNumber":"1382","approximate":false},"geometry":{"type":"Point","coordinates":[35.273268,33.247294]}},{"type":"Feature","properties":{"parcelNumber":"1383","approximate":false},"geometry":{"type":"Point","coordinates":[35.27408,33.247507]}},{"type":"Feature","properties":{"parcelNumber":"1384","approximate":false},"geometry":{"type":"Point","coordinates":[35.27496,33.247981]}},{"type":"Feature","properties":{"parcelNumber":"1385","approximate":false},"geometry":{"type":"Point","coordinates":[35.274433,33.247789]}},{"type":"Feature","properties":{"parcelNumber":"1386","approximate":false},"geometry":{"type":"Point","coordinates":[35.273842,33.248071]}},{"type":"Feature","properties":{"parcelNumber":"1387","approximate":false},"geometry":{"type":"Point","coordinates":[35.274268,33.248895]}},{"type":"Feature","properties":{"parcelNumber":"1388","approximate":false},"geometry":{"type":"Point","coordinates":[35.273314,33.248549]}},{"type":"Feature","properties":{"parcelNumber":"1389","approximate":false},"geometry":{"type":"Point","coordinates":[35.272839,33.247681]}},{"type":"Feature","properties":{"parcelNumber":"1390","approximate":false},"geometry":{"type":"Point","coordinates":[35.272563,33.247708]}},{"type":"Feature","properties":{"parcelNumber":"1391","approximate":false},"geometry":{"type":"Point","coordinates":[35.272371,33.247503]}},{"type":"Feature","properties":{"parcelNumber":"1392","approximate":false},"geometry":{"type":"Point","coordinates":[35.272163,33.247332]}},{"type":"Feature","properties":{"parcelNumber":"1393","approximate":false},"geometry":{"type":"Point","coordinates":[35.271812,33.247281]}},{"type":"Feature","properties":{"parcelNumber":"1394","approximate":false},"geometry":{"type":"Point","coordinates":[35.271577,33.24769]}},{"type":"Feature","properties":{"parcelNumber":"1395","approximate":false},"geometry":{"type":"Point","coordinates":[35.27198,33.247692]}},{"type":"Feature","properties":{"parcelNumber":"1396","approximate":false},"geometry":{"type":"Point","coordinates":[35.271658,33.248249]}},{"type":"Feature","properties":{"parcelNumber":"1397","approximate":false},"geometry":{"type":"Point","coordinates":[35.272022,33.248376]}},{"type":"Feature","properties":{"parcelNumber":"1398","approximate":false},"geometry":{"type":"Point","coordinates":[35.272299,33.24841]}},{"type":"Feature","properties":{"parcelNumber":"1399","approximate":false},"geometry":{"type":"Point","coordinates":[35.272508,33.248456]}},{"type":"Feature","properties":{"parcelNumber":"1400","approximate":false},"geometry":{"type":"Point","coordinates":[35.272839,33.248451]}},{"type":"Feature","properties":{"parcelNumber":"1401","approximate":false},"geometry":{"type":"Point","coordinates":[35.272781,33.248949]}},{"type":"Feature","properties":{"parcelNumber":"1402","approximate":false},"geometry":{"type":"Point","coordinates":[35.27347,33.249122]}},{"type":"Feature","properties":{"parcelNumber":"1403","approximate":false},"geometry":{"type":"Point","coordinates":[35.273484,33.249359]}},{"type":"Feature","properties":{"parcelNumber":"1404","approximate":false},"geometry":{"type":"Point","coordinates":[35.273703,33.249649]}},{"type":"Feature","properties":{"parcelNumber":"1405","approximate":false},"geometry":{"type":"Point","coordinates":[35.274237,33.249726]}},{"type":"Feature","properties":{"parcelNumber":"1406","approximate":false},"geometry":{"type":"Point","coordinates":[35.274239,33.249535]}},{"type":"Feature","properties":{"parcelNumber":"1407","approximate":false},"geometry":{"type":"Point","coordinates":[35.273909,33.24926]}},{"type":"Feature","properties":{"parcelNumber":"1408","approximate":false},"geometry":{"type":"Point","coordinates":[35.272232,33.24794]}},{"type":"Feature","properties":{"parcelNumber":"1409","approximate":false},"geometry":{"type":"Point","coordinates":[35.279849,33.266009]}},{"type":"Feature","properties":{"parcelNumber":"1410","approximate":false},"geometry":{"type":"Point","coordinates":[35.271334,33.259761]}},{"type":"Feature","properties":{"parcelNumber":"1411","approximate":false},"geometry":{"type":"Point","coordinates":[35.276732,33.260491]}},{"type":"Feature","properties":{"parcelNumber":"1412","approximate":false},"geometry":{"type":"Point","coordinates":[35.262618,33.266052]}},{"type":"Feature","properties":{"parcelNumber":"1413","approximate":false},"geometry":{"type":"Point","coordinates":[35.277582,33.246016]}},{"type":"Feature","properties":{"parcelNumber":"1414","approximate":false},"geometry":{"type":"Point","coordinates":[35.245633,33.247373]}},{"type":"Feature","properties":{"parcelNumber":"1415","approximate":false},"geometry":{"type":"Point","coordinates":[35.253946,33.25181]}},{"type":"Feature","properties":{"parcelNumber":"1416","approximate":false},"geometry":{"type":"Point","coordinates":[35.264749,33.257351]}},{"type":"Feature","properties":{"parcelNumber":"1417","approximate":false},"geometry":{"type":"Point","coordinates":[35.265654,33.256273]}},{"type":"Feature","properties":{"parcelNumber":"1418","approximate":false},"geometry":{"type":"Point","coordinates":[35.266768,33.256108]}},{"type":"Feature","properties":{"parcelNumber":"1419","approximate":false},"geometry":{"type":"Point","coordinates":[35.264837,33.256561]}},{"type":"Feature","properties":{"parcelNumber":"1420","approximate":false},"geometry":{"type":"Point","coordinates":[35.269899,33.2525]}},{"type":"Feature","properties":{"parcelNumber":"1421","approximate":false},"geometry":{"type":"Point","coordinates":[35.27319,33.244269]}},{"type":"Feature","properties":{"parcelNumber":"1422","approximate":false},"geometry":{"type":"Point","coordinates":[35.248153,33.255985]}},{"type":"Feature","properties":{"parcelNumber":"1424","approximate":true},"geometry":{"type":"Point","coordinates":[35.263686,33.246949]}},{"type":"Feature","properties":{"parcelNumber":"1426","approximate":false},"geometry":{"type":"Point","coordinates":[35.268998,33.251491]}},{"type":"Feature","properties":{"parcelNumber":"1427","approximate":false},"geometry":{"type":"Point","coordinates":[35.268377,33.251004]}},{"type":"Feature","properties":{"parcelNumber":"1428","approximate":false},"geometry":{"type":"Point","coordinates":[35.267122,33.247646]}},{"type":"Feature","properties":{"parcelNumber":"1429","approximate":false},"geometry":{"type":"Point","coordinates":[35.274989,33.255139]}},{"type":"Feature","properties":{"parcelNumber":"1430","approximate":false},"geometry":{"type":"Point","coordinates":[35.265926,33.250511]}},{"type":"Feature","properties":{"parcelNumber":"1431","approximate":false},"geometry":{"type":"Point","coordinates":[35.268705,33.253523]}},{"type":"Feature","properties":{"parcelNumber":"1432","approximate":false},"geometry":{"type":"Point","coordinates":[35.259815,33.241552]}},{"type":"Feature","properties":{"parcelNumber":"1433","approximate":false},"geometry":{"type":"Point","coordinates":[35.258103,33.253365]}},{"type":"Feature","properties":{"parcelNumber":"1434","approximate":false},"geometry":{"type":"Point","coordinates":[35.247576,33.260817]}},{"type":"Feature","properties":{"parcelNumber":"1435","approximate":false},"geometry":{"type":"Point","coordinates":[35.248674,33.261696]}},{"type":"Feature","properties":{"parcelNumber":"1436","approximate":false},"geometry":{"type":"Point","coordinates":[35.250097,33.262393]}},{"type":"Feature","properties":{"parcelNumber":"1437","approximate":false},"geometry":{"type":"Point","coordinates":[35.251887,33.261563]}},{"type":"Feature","properties":{"parcelNumber":"1439","approximate":false},"geometry":{"type":"Point","coordinates":[35.273011,33.254442]}},{"type":"Feature","properties":{"parcelNumber":"1440","approximate":false},"geometry":{"type":"Point","coordinates":[35.273716,33.254531]}},{"type":"Feature","properties":{"parcelNumber":"1441","approximate":false},"geometry":{"type":"Point","coordinates":[35.254523,33.251111]}},{"type":"Feature","properties":{"parcelNumber":"1442","approximate":false},"geometry":{"type":"Point","coordinates":[35.252875,33.250278]}},{"type":"Feature","properties":{"parcelNumber":"1449","approximate":false},"geometry":{"type":"Point","coordinates":[35.277707,33.255179]}},{"type":"Feature","properties":{"parcelNumber":"1450","approximate":false},"geometry":{"type":"Point","coordinates":[35.274636,33.255889]}},{"type":"Feature","properties":{"parcelNumber":"1451","approximate":false},"geometry":{"type":"Point","coordinates":[35.274332,33.25537]}},{"type":"Feature","properties":{"parcelNumber":"1452","approximate":false},"geometry":{"type":"Point","coordinates":[35.274616,33.255608]}},{"type":"Feature","properties":{"parcelNumber":"1454","approximate":false},"geometry":{"type":"Point","coordinates":[35.249197,33.242545]}},{"type":"Feature","properties":{"parcelNumber":"1455","approximate":false},"geometry":{"type":"Point","coordinates":[35.281067,33.256064]}},{"type":"Feature","properties":{"parcelNumber":"1461","approximate":false},"geometry":{"type":"Point","coordinates":[35.279635,33.255743]}},{"type":"Feature","properties":{"parcelNumber":"1462","approximate":false},"geometry":{"type":"Point","coordinates":[35.279298,33.255687]}},{"type":"Feature","properties":{"parcelNumber":"1463","approximate":false},"geometry":{"type":"Point","coordinates":[35.279119,33.255672]}},{"type":"Feature","properties":{"parcelNumber":"1464","approximate":false},"geometry":{"type":"Point","coordinates":[35.278687,33.255604]}},{"type":"Feature","properties":{"parcelNumber":"1465","approximate":false},"geometry":{"type":"Point","coordinates":[35.278476,33.255603]}},{"type":"Feature","properties":{"parcelNumber":"1466","approximate":false},"geometry":{"type":"Point","coordinates":[35.278674,33.255772]}},{"type":"Feature","properties":{"parcelNumber":"1467","approximate":false},"geometry":{"type":"Point","coordinates":[35.279006,33.255817]}},{"type":"Feature","properties":{"parcelNumber":"1468","approximate":false},"geometry":{"type":"Point","coordinates":[35.27931,33.255887]}},{"type":"Feature","properties":{"parcelNumber":"1469","approximate":false},"geometry":{"type":"Point","coordinates":[35.279575,33.25595]}},{"type":"Feature","properties":{"parcelNumber":"1479","approximate":false},"geometry":{"type":"Point","coordinates":[35.279497,33.256169]}},{"type":"Feature","properties":{"parcelNumber":"1480","approximate":false},"geometry":{"type":"Point","coordinates":[35.279237,33.256189]}},{"type":"Feature","properties":{"parcelNumber":"1481","approximate":false},"geometry":{"type":"Point","coordinates":[35.279695,33.256074]}},{"type":"Feature","properties":{"parcelNumber":"1482","approximate":false},"geometry":{"type":"Point","coordinates":[35.261495,33.262822]}},{"type":"Feature","properties":{"parcelNumber":"1483","approximate":false},"geometry":{"type":"Point","coordinates":[35.258201,33.263477]}},{"type":"Feature","properties":{"parcelNumber":"1484","approximate":false},"geometry":{"type":"Point","coordinates":[35.255297,33.263911]}},{"type":"Feature","properties":{"parcelNumber":"1487","approximate":false},"geometry":{"type":"Point","coordinates":[35.273804,33.259211]}},{"type":"Feature","properties":{"parcelNumber":"1488","approximate":false},"geometry":{"type":"Point","coordinates":[35.272618,33.257317]}},{"type":"Feature","properties":{"parcelNumber":"1489","approximate":false},"geometry":{"type":"Point","coordinates":[35.273051,33.259682]}},{"type":"Feature","properties":{"parcelNumber":"1490","approximate":false},"geometry":{"type":"Point","coordinates":[35.273222,33.259656]}},{"type":"Feature","properties":{"parcelNumber":"1491","approximate":false},"geometry":{"type":"Point","coordinates":[35.273829,33.259599]}},{"type":"Feature","properties":{"parcelNumber":"1492","approximate":false},"geometry":{"type":"Point","coordinates":[35.274023,33.259594]}},{"type":"Feature","properties":{"parcelNumber":"1493","approximate":false},"geometry":{"type":"Point","coordinates":[35.273167,33.259976]}},{"type":"Feature","properties":{"parcelNumber":"1494","approximate":false},"geometry":{"type":"Point","coordinates":[35.273417,33.259934]}},{"type":"Feature","properties":{"parcelNumber":"1495","approximate":false},"geometry":{"type":"Point","coordinates":[35.273729,33.259893]}},{"type":"Feature","properties":{"parcelNumber":"1496","approximate":false},"geometry":{"type":"Point","coordinates":[35.273988,33.259868]}},{"type":"Feature","properties":{"parcelNumber":"1497","approximate":false},"geometry":{"type":"Point","coordinates":[35.274104,33.259748]}},{"type":"Feature","properties":{"parcelNumber":"1498","approximate":false},"geometry":{"type":"Point","coordinates":[35.273221,33.260303]}},{"type":"Feature","properties":{"parcelNumber":"1499","approximate":false},"geometry":{"type":"Point","coordinates":[35.273412,33.260193]}},{"type":"Feature","properties":{"parcelNumber":"1500","approximate":false},"geometry":{"type":"Point","coordinates":[35.273678,33.260202]}},{"type":"Feature","properties":{"parcelNumber":"1501","approximate":false},"geometry":{"type":"Point","coordinates":[35.273891,33.260154]}},{"type":"Feature","properties":{"parcelNumber":"1502","approximate":false},"geometry":{"type":"Point","coordinates":[35.27409,33.260119]}},{"type":"Feature","properties":{"parcelNumber":"1503","approximate":false},"geometry":{"type":"Point","coordinates":[35.274616,33.26004]}},{"type":"Feature","properties":{"parcelNumber":"1504","approximate":false},"geometry":{"type":"Point","coordinates":[35.274376,33.26011]}},{"type":"Feature","properties":{"parcelNumber":"1505","approximate":false},"geometry":{"type":"Point","coordinates":[35.274431,33.259808]}},{"type":"Feature","properties":{"parcelNumber":"1506","approximate":false},"geometry":{"type":"Point","coordinates":[35.274841,33.260038]}},{"type":"Feature","properties":{"parcelNumber":"1507","approximate":false},"geometry":{"type":"Point","coordinates":[35.268343,33.263129]}},{"type":"Feature","properties":{"parcelNumber":"1508","approximate":false},"geometry":{"type":"Point","coordinates":[35.268505,33.262665]}},{"type":"Feature","properties":{"parcelNumber":"1509","approximate":false},"geometry":{"type":"Point","coordinates":[35.268464,33.262431]}},{"type":"Feature","properties":{"parcelNumber":"1510","approximate":false},"geometry":{"type":"Point","coordinates":[35.268409,33.26199]}},{"type":"Feature","properties":{"parcelNumber":"1511","approximate":false},"geometry":{"type":"Point","coordinates":[35.268289,33.262809]}},{"type":"Feature","properties":{"parcelNumber":"1512","approximate":false},"geometry":{"type":"Point","coordinates":[35.268067,33.263034]}},{"type":"Feature","properties":{"parcelNumber":"1513","approximate":false},"geometry":{"type":"Point","coordinates":[35.268018,33.26276]}},{"type":"Feature","properties":{"parcelNumber":"1514","approximate":false},"geometry":{"type":"Point","coordinates":[35.268113,33.262521]}},{"type":"Feature","properties":{"parcelNumber":"1515","approximate":false},"geometry":{"type":"Point","coordinates":[35.268106,33.262089]}},{"type":"Feature","properties":{"parcelNumber":"1516","approximate":false},"geometry":{"type":"Point","coordinates":[35.267886,33.263148]}},{"type":"Feature","properties":{"parcelNumber":"1517","approximate":false},"geometry":{"type":"Point","coordinates":[35.267743,33.262243]}},{"type":"Feature","properties":{"parcelNumber":"1518","approximate":false},"geometry":{"type":"Point","coordinates":[35.267645,33.263105]}},{"type":"Feature","properties":{"parcelNumber":"1519","approximate":false},"geometry":{"type":"Point","coordinates":[35.267812,33.263407]}},{"type":"Feature","properties":{"parcelNumber":"1520","approximate":false},"geometry":{"type":"Point","coordinates":[35.26757,33.263359]}},{"type":"Feature","properties":{"parcelNumber":"1521","approximate":false},"geometry":{"type":"Point","coordinates":[35.267478,33.262787]}},{"type":"Feature","properties":{"parcelNumber":"1522","approximate":false},"geometry":{"type":"Point","coordinates":[35.2689,33.262327]}},{"type":"Feature","properties":{"parcelNumber":"1523","approximate":false},"geometry":{"type":"Point","coordinates":[35.269034,33.262554]}},{"type":"Feature","properties":{"parcelNumber":"1524","approximate":false},"geometry":{"type":"Point","coordinates":[35.269087,33.262828]}},{"type":"Feature","properties":{"parcelNumber":"1525","approximate":false},"geometry":{"type":"Point","coordinates":[35.269929,33.262515]}},{"type":"Feature","properties":{"parcelNumber":"1526","approximate":false},"geometry":{"type":"Point","coordinates":[35.269704,33.262327]}},{"type":"Feature","properties":{"parcelNumber":"1527","approximate":false},"geometry":{"type":"Point","coordinates":[35.268988,33.261566]}},{"type":"Feature","properties":{"parcelNumber":"1529","approximate":false},"geometry":{"type":"Point","coordinates":[35.269237,33.26207]}},{"type":"Feature","properties":{"parcelNumber":"1530","approximate":false},"geometry":{"type":"Point","coordinates":[35.277466,33.255894]}},{"type":"Feature","properties":{"parcelNumber":"1531","approximate":false},"geometry":{"type":"Point","coordinates":[35.271261,33.255988]}},{"type":"Feature","properties":{"parcelNumber":"1532","approximate":false},"geometry":{"type":"Point","coordinates":[35.271459,33.255763]}},{"type":"Feature","properties":{"parcelNumber":"1533","approximate":false},"geometry":{"type":"Point","coordinates":[35.270594,33.256895]}},{"type":"Feature","properties":{"parcelNumber":"1534","approximate":false},"geometry":{"type":"Point","coordinates":[35.270423,33.256263]}},{"type":"Feature","properties":{"parcelNumber":"1535","approximate":false},"geometry":{"type":"Point","coordinates":[35.273171,33.253927]}},{"type":"Feature","properties":{"parcelNumber":"1536","approximate":false},"geometry":{"type":"Point","coordinates":[35.270344,33.252646]}},{"type":"Feature","properties":{"parcelNumber":"1537","approximate":false},"geometry":{"type":"Point","coordinates":[35.270126,33.252552]}},{"type":"Feature","properties":{"parcelNumber":"1538","approximate":false},"geometry":{"type":"Point","coordinates":[35.273107,33.258274]}},{"type":"Feature","properties":{"parcelNumber":"1539","approximate":false},"geometry":{"type":"Point","coordinates":[35.27314,33.258081]}},{"type":"Feature","properties":{"parcelNumber":"1540","approximate":false},"geometry":{"type":"Point","coordinates":[35.273076,33.257884]}},{"type":"Feature","properties":{"parcelNumber":"1541","approximate":false},"geometry":{"type":"Point","coordinates":[35.273084,33.257828]}},{"type":"Feature","properties":{"parcelNumber":"1542","approximate":false},"geometry":{"type":"Point","coordinates":[35.272986,33.25767]}},{"type":"Feature","properties":{"parcelNumber":"1543","approximate":false},"geometry":{"type":"Point","coordinates":[35.272955,33.257472]}},{"type":"Feature","properties":{"parcelNumber":"1544","approximate":false},"geometry":{"type":"Point","coordinates":[35.273501,33.25757]}},{"type":"Feature","properties":{"parcelNumber":"1545","approximate":false},"geometry":{"type":"Point","coordinates":[35.273306,33.25751]}},{"type":"Feature","properties":{"parcelNumber":"1546","approximate":false},"geometry":{"type":"Point","coordinates":[35.27306,33.25722]}},{"type":"Feature","properties":{"parcelNumber":"1547","approximate":false},"geometry":{"type":"Point","coordinates":[35.273386,33.257591]}},{"type":"Feature","properties":{"parcelNumber":"1548","approximate":false},"geometry":{"type":"Point","coordinates":[35.272726,33.255915]}},{"type":"Feature","properties":{"parcelNumber":"1549","approximate":false},"geometry":{"type":"Point","coordinates":[35.272564,33.25579]}},{"type":"Feature","properties":{"parcelNumber":"1550","approximate":false},"geometry":{"type":"Point","coordinates":[35.27603,33.253525]}},{"type":"Feature","properties":{"parcelNumber":"1551","approximate":false},"geometry":{"type":"Point","coordinates":[35.276625,33.253945]}},{"type":"Feature","properties":{"parcelNumber":"1552","approximate":false},"geometry":{"type":"Point","coordinates":[35.276672,33.254327]}},{"type":"Feature","properties":{"parcelNumber":"1553","approximate":false},"geometry":{"type":"Point","coordinates":[35.27678,33.254527]}},{"type":"Feature","properties":{"parcelNumber":"1554","approximate":false},"geometry":{"type":"Point","coordinates":[35.277141,33.25481]}},{"type":"Feature","properties":{"parcelNumber":"1555","approximate":false},"geometry":{"type":"Point","coordinates":[35.27691,33.254685]}},{"type":"Feature","properties":{"parcelNumber":"1556","approximate":false},"geometry":{"type":"Point","coordinates":[35.276789,33.254675]}},{"type":"Feature","properties":{"parcelNumber":"1557","approximate":false},"geometry":{"type":"Point","coordinates":[35.275979,33.254352]}},{"type":"Feature","properties":{"parcelNumber":"1558","approximate":false},"geometry":{"type":"Point","coordinates":[35.276693,33.25452]}},{"type":"Feature","properties":{"parcelNumber":"1559","approximate":false},"geometry":{"type":"Point","coordinates":[35.277765,33.253732]}},{"type":"Feature","properties":{"parcelNumber":"1560","approximate":false},"geometry":{"type":"Point","coordinates":[35.277278,33.254061]}},{"type":"Feature","properties":{"parcelNumber":"1561","approximate":false},"geometry":{"type":"Point","coordinates":[35.277309,33.254215]}},{"type":"Feature","properties":{"parcelNumber":"1562","approximate":false},"geometry":{"type":"Point","coordinates":[35.277393,33.254443]}},{"type":"Feature","properties":{"parcelNumber":"1563","approximate":false},"geometry":{"type":"Point","coordinates":[35.277422,33.254788]}},{"type":"Feature","properties":{"parcelNumber":"1564","approximate":false},"geometry":{"type":"Point","coordinates":[35.277809,33.254182]}},{"type":"Feature","properties":{"parcelNumber":"1565","approximate":false},"geometry":{"type":"Point","coordinates":[35.277723,33.254469]}},{"type":"Feature","properties":{"parcelNumber":"1566","approximate":false},"geometry":{"type":"Point","coordinates":[35.278085,33.254496]}},{"type":"Feature","properties":{"parcelNumber":"1567","approximate":false},"geometry":{"type":"Point","coordinates":[35.277962,33.254422]}},{"type":"Feature","properties":{"parcelNumber":"1568","approximate":false},"geometry":{"type":"Point","coordinates":[35.277785,33.25465]}},{"type":"Feature","properties":{"parcelNumber":"1569","approximate":false},"geometry":{"type":"Point","coordinates":[35.276943,33.253485]}},{"type":"Feature","properties":{"parcelNumber":"1571","approximate":false},"geometry":{"type":"Point","coordinates":[35.276563,33.256129]}},{"type":"Feature","properties":{"parcelNumber":"1572","approximate":false},"geometry":{"type":"Point","coordinates":[35.276128,33.256028]}},{"type":"Feature","properties":{"parcelNumber":"1573","approximate":false},"geometry":{"type":"Point","coordinates":[35.270015,33.2622]}},{"type":"Feature","properties":{"parcelNumber":"1574","approximate":false},"geometry":{"type":"Point","coordinates":[35.270287,33.262084]}},{"type":"Feature","properties":{"parcelNumber":"1575","approximate":false},"geometry":{"type":"Point","coordinates":[35.269865,33.262354]}},{"type":"Feature","properties":{"parcelNumber":"1576","approximate":false},"geometry":{"type":"Point","coordinates":[35.269213,33.261839]}},{"type":"Feature","properties":{"parcelNumber":"1577","approximate":false},"geometry":{"type":"Point","coordinates":[35.269872,33.262006]}},{"type":"Feature","properties":{"parcelNumber":"1578","approximate":false},"geometry":{"type":"Point","coordinates":[35.268437,33.249554]}},{"type":"Feature","properties":{"parcelNumber":"1580","approximate":false},"geometry":{"type":"Point","coordinates":[35.268378,33.260277]}},{"type":"Feature","properties":{"parcelNumber":"1581","approximate":false},"geometry":{"type":"Point","coordinates":[35.26847,33.260447]}},{"type":"Feature","properties":{"parcelNumber":"1582","approximate":false},"geometry":{"type":"Point","coordinates":[35.268159,33.260706]}},{"type":"Feature","properties":{"parcelNumber":"1583","approximate":false},"geometry":{"type":"Point","coordinates":[35.268108,33.260542]}},{"type":"Feature","properties":{"parcelNumber":"1584","approximate":false},"geometry":{"type":"Point","coordinates":[35.271944,33.252068]}},{"type":"Feature","properties":{"parcelNumber":"1585","approximate":false},"geometry":{"type":"Point","coordinates":[35.281221,33.243411]}},{"type":"Feature","properties":{"parcelNumber":"1586","approximate":false},"geometry":{"type":"Point","coordinates":[35.281586,33.245176]}},{"type":"Feature","properties":{"parcelNumber":"1587","approximate":false},"geometry":{"type":"Point","coordinates":[35.272229,33.259126]}},{"type":"Feature","properties":{"parcelNumber":"1588","approximate":false},"geometry":{"type":"Point","coordinates":[35.271814,33.259257]}},{"type":"Feature","properties":{"parcelNumber":"1589","approximate":false},"geometry":{"type":"Point","coordinates":[35.271617,33.25919]}},{"type":"Feature","properties":{"parcelNumber":"1590","approximate":false},"geometry":{"type":"Point","coordinates":[35.271456,33.258795]}},{"type":"Feature","properties":{"parcelNumber":"1591","approximate":false},"geometry":{"type":"Point","coordinates":[35.272181,33.259254]}},{"type":"Feature","properties":{"parcelNumber":"1593","approximate":false},"geometry":{"type":"Point","coordinates":[35.2726,33.258729]}},{"type":"Feature","properties":{"parcelNumber":"1594","approximate":false},"geometry":{"type":"Point","coordinates":[35.261974,33.245882]}},{"type":"Feature","properties":{"parcelNumber":"1595","approximate":false},"geometry":{"type":"Point","coordinates":[35.260511,33.24491]}},{"type":"Feature","properties":{"parcelNumber":"1596","approximate":false},"geometry":{"type":"Point","coordinates":[35.261343,33.24552]}},{"type":"Feature","properties":{"parcelNumber":"1597","approximate":false},"geometry":{"type":"Point","coordinates":[35.281024,33.256253]}},{"type":"Feature","properties":{"parcelNumber":"1598","approximate":false},"geometry":{"type":"Point","coordinates":[35.280664,33.25596]}},{"type":"Feature","properties":{"parcelNumber":"1599","approximate":false},"geometry":{"type":"Point","coordinates":[35.280805,33.256184]}},{"type":"Feature","properties":{"parcelNumber":"1600","approximate":false},"geometry":{"type":"Point","coordinates":[35.28058,33.256358]}},{"type":"Feature","properties":{"parcelNumber":"1601","approximate":false},"geometry":{"type":"Point","coordinates":[35.280283,33.255855]}},{"type":"Feature","properties":{"parcelNumber":"1602","approximate":false},"geometry":{"type":"Point","coordinates":[35.280197,33.256044]}},{"type":"Feature","properties":{"parcelNumber":"1603","approximate":false},"geometry":{"type":"Point","coordinates":[35.280208,33.256202]}},{"type":"Feature","properties":{"parcelNumber":"1604","approximate":false},"geometry":{"type":"Point","coordinates":[35.280158,33.256371]}},{"type":"Feature","properties":{"parcelNumber":"1605","approximate":false},"geometry":{"type":"Point","coordinates":[35.279956,33.255797]}},{"type":"Feature","properties":{"parcelNumber":"1606","approximate":false},"geometry":{"type":"Point","coordinates":[35.279909,33.256003]}},{"type":"Feature","properties":{"parcelNumber":"1607","approximate":false},"geometry":{"type":"Point","coordinates":[35.279814,33.25628]}},{"type":"Feature","properties":{"parcelNumber":"1608","approximate":false},"geometry":{"type":"Point","coordinates":[35.280367,33.256258]}},{"type":"Feature","properties":{"parcelNumber":"1609","approximate":false},"geometry":{"type":"Point","coordinates":[35.267748,33.250527]}},{"type":"Feature","properties":{"parcelNumber":"1610","approximate":false},"geometry":{"type":"Point","coordinates":[35.267943,33.250683]}},{"type":"Feature","properties":{"parcelNumber":"1611","approximate":false},"geometry":{"type":"Point","coordinates":[35.27112,33.25168]}},{"type":"Feature","properties":{"parcelNumber":"1612","approximate":false},"geometry":{"type":"Point","coordinates":[35.277138,33.254529]}},{"type":"Feature","properties":{"parcelNumber":"1613","approximate":false},"geometry":{"type":"Point","coordinates":[35.276499,33.256469]}},{"type":"Feature","properties":{"parcelNumber":"1614","approximate":false},"geometry":{"type":"Point","coordinates":[35.276527,33.256241]}},{"type":"Feature","properties":{"parcelNumber":"1616","approximate":false},"geometry":{"type":"Point","coordinates":[35.268826,33.261738]}},{"type":"Feature","properties":{"parcelNumber":"1617","approximate":false},"geometry":{"type":"Point","coordinates":[35.276058,33.251853]}},{"type":"Feature","properties":{"parcelNumber":"1618","approximate":false},"geometry":{"type":"Point","coordinates":[35.276564,33.252359]}},{"type":"Feature","properties":{"parcelNumber":"1619","approximate":false},"geometry":{"type":"Point","coordinates":[35.267795,33.262493]}},{"type":"Feature","properties":{"parcelNumber":"1620","approximate":false},"geometry":{"type":"Point","coordinates":[35.267721,33.262728]}},{"type":"Feature","properties":{"parcelNumber":"1621","approximate":false},"geometry":{"type":"Point","coordinates":[35.273393,33.256286]}},{"type":"Feature","properties":{"parcelNumber":"1622","approximate":false},"geometry":{"type":"Point","coordinates":[35.272667,33.257068]}},{"type":"Feature","properties":{"parcelNumber":"1623","approximate":false},"geometry":{"type":"Point","coordinates":[35.274025,33.257958]}},{"type":"Feature","properties":{"parcelNumber":"1624","approximate":false},"geometry":{"type":"Point","coordinates":[35.274294,33.258211]}},{"type":"Feature","properties":{"parcelNumber":"1625","approximate":false},"geometry":{"type":"Point","coordinates":[35.273859,33.258229]}},{"type":"Feature","properties":{"parcelNumber":"1626","approximate":false},"geometry":{"type":"Point","coordinates":[35.274285,33.258558]}},{"type":"Feature","properties":{"parcelNumber":"1627","approximate":false},"geometry":{"type":"Point","coordinates":[35.274185,33.258707]}},{"type":"Feature","properties":{"parcelNumber":"1628","approximate":false},"geometry":{"type":"Point","coordinates":[35.273619,33.25874]}},{"type":"Feature","properties":{"parcelNumber":"1629","approximate":false},"geometry":{"type":"Point","coordinates":[35.27358,33.258883]}},{"type":"Feature","properties":{"parcelNumber":"1630","approximate":false},"geometry":{"type":"Point","coordinates":[35.273522,33.259042]}},{"type":"Feature","properties":{"parcelNumber":"1631","approximate":false},"geometry":{"type":"Point","coordinates":[35.273939,33.258689]}},{"type":"Feature","properties":{"parcelNumber":"1632","approximate":false},"geometry":{"type":"Point","coordinates":[35.274123,33.252085]}},{"type":"Feature","properties":{"parcelNumber":"1633","approximate":false},"geometry":{"type":"Point","coordinates":[35.27381,33.252087]}},{"type":"Feature","properties":{"parcelNumber":"1634","approximate":false},"geometry":{"type":"Point","coordinates":[35.276193,33.25232]}},{"type":"Feature","properties":{"parcelNumber":"1635","approximate":false},"geometry":{"type":"Point","coordinates":[35.270311,33.254541]}},{"type":"Feature","properties":{"parcelNumber":"1636","approximate":false},"geometry":{"type":"Point","coordinates":[35.268532,33.25042]}},{"type":"Feature","properties":{"parcelNumber":"1637","approximate":false},"geometry":{"type":"Point","coordinates":[35.270464,33.259524]}},{"type":"Feature","properties":{"parcelNumber":"1638","approximate":false},"geometry":{"type":"Point","coordinates":[35.27046,33.259356]}},{"type":"Feature","properties":{"parcelNumber":"1639","approximate":false},"geometry":{"type":"Point","coordinates":[35.270469,33.259203]}},{"type":"Feature","properties":{"parcelNumber":"1640","approximate":false},"geometry":{"type":"Point","coordinates":[35.272713,33.258527]}},{"type":"Feature","properties":{"parcelNumber":"1641","approximate":false},"geometry":{"type":"Point","coordinates":[35.2727,33.258343]}},{"type":"Feature","properties":{"parcelNumber":"1642","approximate":false},"geometry":{"type":"Point","coordinates":[35.27269,33.258021]}},{"type":"Feature","properties":{"parcelNumber":"1646","approximate":false},"geometry":{"type":"Point","coordinates":[35.268677,33.253901]}},{"type":"Feature","properties":{"parcelNumber":"1647","approximate":false},"geometry":{"type":"Point","coordinates":[35.274145,33.263084]}},{"type":"Feature","properties":{"parcelNumber":"1649","approximate":false},"geometry":{"type":"Point","coordinates":[35.268354,33.262218]}},{"type":"Feature","properties":{"parcelNumber":"1650","approximate":false},"geometry":{"type":"Point","coordinates":[35.273777,33.253214]}},{"type":"Feature","properties":{"parcelNumber":"1651","approximate":false},"geometry":{"type":"Point","coordinates":[35.264545,33.255197]}},{"type":"Feature","properties":{"parcelNumber":"1652","approximate":false},"geometry":{"type":"Point","coordinates":[35.271176,33.251223]}},{"type":"Feature","properties":{"parcelNumber":"1653","approximate":false},"geometry":{"type":"Point","coordinates":[35.262435,33.262803]}},{"type":"Feature","properties":{"parcelNumber":"1657","approximate":false},"geometry":{"type":"Point","coordinates":[35.26598,33.262435]}},{"type":"Feature","properties":{"parcelNumber":"1658","approximate":false},"geometry":{"type":"Point","coordinates":[35.265715,33.262821]}},{"type":"Feature","properties":{"parcelNumber":"1659","approximate":false},"geometry":{"type":"Point","coordinates":[35.265644,33.262678]}},{"type":"Feature","properties":{"parcelNumber":"1660","approximate":false},"geometry":{"type":"Point","coordinates":[35.265611,33.262433]}},{"type":"Feature","properties":{"parcelNumber":"1661","approximate":false},"geometry":{"type":"Point","coordinates":[35.26587,33.262463]}},{"type":"Feature","properties":{"parcelNumber":"1665","approximate":false},"geometry":{"type":"Point","coordinates":[35.264208,33.261693]}},{"type":"Feature","properties":{"parcelNumber":"1666","approximate":false},"geometry":{"type":"Point","coordinates":[35.263806,33.261612]}},{"type":"Feature","properties":{"parcelNumber":"1667","approximate":false},"geometry":{"type":"Point","coordinates":[35.263524,33.261525]}},{"type":"Feature","properties":{"parcelNumber":"1668","approximate":false},"geometry":{"type":"Point","coordinates":[35.264337,33.261855]}},{"type":"Feature","properties":{"parcelNumber":"1669","approximate":false},"geometry":{"type":"Point","coordinates":[35.263895,33.261839]}},{"type":"Feature","properties":{"parcelNumber":"1670","approximate":false},"geometry":{"type":"Point","coordinates":[35.263623,33.261813]}},{"type":"Feature","properties":{"parcelNumber":"1671","approximate":false},"geometry":{"type":"Point","coordinates":[35.264025,33.262237]}},{"type":"Feature","properties":{"parcelNumber":"1672","approximate":false},"geometry":{"type":"Point","coordinates":[35.26368,33.262097]}},{"type":"Feature","properties":{"parcelNumber":"1673","approximate":false},"geometry":{"type":"Point","coordinates":[35.263742,33.262423]}},{"type":"Feature","properties":{"parcelNumber":"1675","approximate":false},"geometry":{"type":"Point","coordinates":[35.265533,33.263934]}},{"type":"Feature","properties":{"parcelNumber":"1676","approximate":false},"geometry":{"type":"Point","coordinates":[35.264989,33.263666]}},{"type":"Feature","properties":{"parcelNumber":"1677","approximate":false},"geometry":{"type":"Point","coordinates":[35.265375,33.263479]}},{"type":"Feature","properties":{"parcelNumber":"1678","approximate":false},"geometry":{"type":"Point","coordinates":[35.286496,33.254473]}},{"type":"Feature","properties":{"parcelNumber":"1680","approximate":false},"geometry":{"type":"Point","coordinates":[35.286444,33.253934]}},{"type":"Feature","properties":{"parcelNumber":"1683","approximate":false},"geometry":{"type":"Point","coordinates":[35.286673,33.254209]}},{"type":"Feature","properties":{"parcelNumber":"1684","approximate":false},"geometry":{"type":"Point","coordinates":[35.286753,33.254047]}},{"type":"Feature","properties":{"parcelNumber":"1686","approximate":false},"geometry":{"type":"Point","coordinates":[35.286154,33.254098]}},{"type":"Feature","properties":{"parcelNumber":"1687","approximate":false},"geometry":{"type":"Point","coordinates":[35.285868,33.254082]}},{"type":"Feature","properties":{"parcelNumber":"1688","approximate":false},"geometry":{"type":"Point","coordinates":[35.287407,33.253309]}},{"type":"Feature","properties":{"parcelNumber":"1691","approximate":false},"geometry":{"type":"Point","coordinates":[35.286807,33.253548]}},{"type":"Feature","properties":{"parcelNumber":"1692","approximate":false},"geometry":{"type":"Point","coordinates":[35.286561,33.253597]}},{"type":"Feature","properties":{"parcelNumber":"1693","approximate":false},"geometry":{"type":"Point","coordinates":[35.28634,33.253627]}},{"type":"Feature","properties":{"parcelNumber":"1694","approximate":false},"geometry":{"type":"Point","coordinates":[35.286079,33.253753]}},{"type":"Feature","properties":{"parcelNumber":"1697","approximate":false},"geometry":{"type":"Point","coordinates":[35.287145,33.253052]}},{"type":"Feature","properties":{"parcelNumber":"1698","approximate":false},"geometry":{"type":"Point","coordinates":[35.286945,33.253164]}},{"type":"Feature","properties":{"parcelNumber":"1699","approximate":false},"geometry":{"type":"Point","coordinates":[35.286659,33.253085]}},{"type":"Feature","properties":{"parcelNumber":"1700","approximate":false},"geometry":{"type":"Point","coordinates":[35.286485,33.253227]}},{"type":"Feature","properties":{"parcelNumber":"1701","approximate":false},"geometry":{"type":"Point","coordinates":[35.28622,33.253201]}},{"type":"Feature","properties":{"parcelNumber":"1702","approximate":false},"geometry":{"type":"Point","coordinates":[35.286029,33.253275]}},{"type":"Feature","properties":{"parcelNumber":"1703","approximate":false},"geometry":{"type":"Point","coordinates":[35.285809,33.253292]}},{"type":"Feature","properties":{"parcelNumber":"1704","approximate":false},"geometry":{"type":"Point","coordinates":[35.285621,33.253349]}},{"type":"Feature","properties":{"parcelNumber":"1705","approximate":false},"geometry":{"type":"Point","coordinates":[35.28538,33.253487]}},{"type":"Feature","properties":{"parcelNumber":"1706","approximate":false},"geometry":{"type":"Point","coordinates":[35.285636,33.253748]}},{"type":"Feature","properties":{"parcelNumber":"1709","approximate":false},"geometry":{"type":"Point","coordinates":[35.287053,33.253555]}},{"type":"Feature","properties":{"parcelNumber":"1710","approximate":false},"geometry":{"type":"Point","coordinates":[35.268841,33.262145]}},{"type":"Feature","properties":{"parcelNumber":"1711","approximate":false},"geometry":{"type":"Point","coordinates":[35.266033,33.260874]}},{"type":"Feature","properties":{"parcelNumber":"1712","approximate":false},"geometry":{"type":"Point","coordinates":[35.265771,33.260952]}},{"type":"Feature","properties":{"parcelNumber":"1713","approximate":false},"geometry":{"type":"Point","coordinates":[35.265579,33.260848]}},{"type":"Feature","properties":{"parcelNumber":"1714","approximate":false},"geometry":{"type":"Point","coordinates":[35.265302,33.260743]}},{"type":"Feature","properties":{"parcelNumber":"1715","approximate":false},"geometry":{"type":"Point","coordinates":[35.265002,33.260628]}},{"type":"Feature","properties":{"parcelNumber":"1716","approximate":false},"geometry":{"type":"Point","coordinates":[35.265219,33.260497]}},{"type":"Feature","properties":{"parcelNumber":"1717","approximate":false},"geometry":{"type":"Point","coordinates":[35.264596,33.255498]}},{"type":"Feature","properties":{"parcelNumber":"1718","approximate":false},"geometry":{"type":"Point","coordinates":[35.264535,33.2559]}},{"type":"Feature","properties":{"parcelNumber":"1719","approximate":false},"geometry":{"type":"Point","coordinates":[35.264358,33.255312]}},{"type":"Feature","properties":{"parcelNumber":"1720","approximate":false},"geometry":{"type":"Point","coordinates":[35.279006,33.252732]}},{"type":"Feature","properties":{"parcelNumber":"1721","approximate":false},"geometry":{"type":"Point","coordinates":[35.279159,33.252567]}},{"type":"Feature","properties":{"parcelNumber":"1722","approximate":false},"geometry":{"type":"Point","coordinates":[35.27872,33.252478]}},{"type":"Feature","properties":{"parcelNumber":"1723","approximate":false},"geometry":{"type":"Point","coordinates":[35.278866,33.252289]}},{"type":"Feature","properties":{"parcelNumber":"1724","approximate":false},"geometry":{"type":"Point","coordinates":[35.279196,33.252387]}},{"type":"Feature","properties":{"parcelNumber":"1725","approximate":false},"geometry":{"type":"Point","coordinates":[35.279262,33.252183]}},{"type":"Feature","properties":{"parcelNumber":"1726","approximate":false},"geometry":{"type":"Point","coordinates":[35.278898,33.252092]}},{"type":"Feature","properties":{"parcelNumber":"1727","approximate":false},"geometry":{"type":"Point","coordinates":[35.278958,33.251899]}},{"type":"Feature","properties":{"parcelNumber":"1728","approximate":false},"geometry":{"type":"Point","coordinates":[35.279282,33.251934]}},{"type":"Feature","properties":{"parcelNumber":"1729","approximate":false},"geometry":{"type":"Point","coordinates":[35.279441,33.251767]}},{"type":"Feature","properties":{"parcelNumber":"1730","approximate":false},"geometry":{"type":"Point","coordinates":[35.279051,33.251719]}},{"type":"Feature","properties":{"parcelNumber":"1731","approximate":false},"geometry":{"type":"Point","coordinates":[35.279098,33.251515]}},{"type":"Feature","properties":{"parcelNumber":"1732","approximate":false},"geometry":{"type":"Point","coordinates":[35.279689,33.251669]}},{"type":"Feature","properties":{"parcelNumber":"1733","approximate":false},"geometry":{"type":"Point","coordinates":[35.280055,33.251598]}},{"type":"Feature","properties":{"parcelNumber":"1734","approximate":false},"geometry":{"type":"Point","coordinates":[35.280392,33.251608]}},{"type":"Feature","properties":{"parcelNumber":"1735","approximate":false},"geometry":{"type":"Point","coordinates":[35.280742,33.251582]}},{"type":"Feature","properties":{"parcelNumber":"1736","approximate":false},"geometry":{"type":"Point","coordinates":[35.281253,33.251363]}},{"type":"Feature","properties":{"parcelNumber":"1737","approximate":false},"geometry":{"type":"Point","coordinates":[35.281726,33.251574]}},{"type":"Feature","properties":{"parcelNumber":"1738","approximate":false},"geometry":{"type":"Point","coordinates":[35.281986,33.251653]}},{"type":"Feature","properties":{"parcelNumber":"1739","approximate":false},"geometry":{"type":"Point","coordinates":[35.281962,33.251884]}},{"type":"Feature","properties":{"parcelNumber":"1740","approximate":false},"geometry":{"type":"Point","coordinates":[35.281691,33.251962]}},{"type":"Feature","properties":{"parcelNumber":"1741","approximate":false},"geometry":{"type":"Point","coordinates":[35.281426,33.251868]}},{"type":"Feature","properties":{"parcelNumber":"1742","approximate":false},"geometry":{"type":"Point","coordinates":[35.281088,33.25187]}},{"type":"Feature","properties":{"parcelNumber":"1743","approximate":false},"geometry":{"type":"Point","coordinates":[35.280637,33.251875]}},{"type":"Feature","properties":{"parcelNumber":"1744","approximate":false},"geometry":{"type":"Point","coordinates":[35.280114,33.251898]}},{"type":"Feature","properties":{"parcelNumber":"1745","approximate":false},"geometry":{"type":"Point","coordinates":[35.279821,33.251938]}},{"type":"Feature","properties":{"parcelNumber":"1746","approximate":false},"geometry":{"type":"Point","coordinates":[35.279756,33.25225]}},{"type":"Feature","properties":{"parcelNumber":"1747","approximate":false},"geometry":{"type":"Point","coordinates":[35.27969,33.252476]}},{"type":"Feature","properties":{"parcelNumber":"1748","approximate":false},"geometry":{"type":"Point","coordinates":[35.279625,33.252667]}},{"type":"Feature","properties":{"parcelNumber":"1749","approximate":false},"geometry":{"type":"Point","coordinates":[35.279592,33.252883]}},{"type":"Feature","properties":{"parcelNumber":"1750","approximate":false},"geometry":{"type":"Point","coordinates":[35.279611,33.252021]}},{"type":"Feature","properties":{"parcelNumber":"1751","approximate":false},"geometry":{"type":"Point","coordinates":[35.27512,33.257396]}},{"type":"Feature","properties":{"parcelNumber":"1752","approximate":false},"geometry":{"type":"Point","coordinates":[35.275204,33.257673]}},{"type":"Feature","properties":{"parcelNumber":"1753","approximate":false},"geometry":{"type":"Point","coordinates":[35.275455,33.25756]}},{"type":"Feature","properties":{"parcelNumber":"1754","approximate":false},"geometry":{"type":"Point","coordinates":[35.275526,33.257329]}},{"type":"Feature","properties":{"parcelNumber":"1755","approximate":false},"geometry":{"type":"Point","coordinates":[35.268328,33.257687]}},{"type":"Feature","properties":{"parcelNumber":"1756","approximate":false},"geometry":{"type":"Point","coordinates":[35.271528,33.250343]}},{"type":"Feature","properties":{"parcelNumber":"1757","approximate":false},"geometry":{"type":"Point","coordinates":[35.260458,33.239895]}},{"type":"Feature","properties":{"parcelNumber":"1758","approximate":false},"geometry":{"type":"Point","coordinates":[35.260395,33.23964]}},{"type":"Feature","properties":{"parcelNumber":"1759","approximate":false},"geometry":{"type":"Point","coordinates":[35.260324,33.239378]}},{"type":"Feature","properties":{"parcelNumber":"1760","approximate":false},"geometry":{"type":"Point","coordinates":[35.259896,33.239456]}},{"type":"Feature","properties":{"parcelNumber":"1761","approximate":false},"geometry":{"type":"Point","coordinates":[35.26003,33.23974]}},{"type":"Feature","properties":{"parcelNumber":"1762","approximate":false},"geometry":{"type":"Point","coordinates":[35.259689,33.23976]}},{"type":"Feature","properties":{"parcelNumber":"1763","approximate":false},"geometry":{"type":"Point","coordinates":[35.259526,33.239489]}},{"type":"Feature","properties":{"parcelNumber":"1764","approximate":false},"geometry":{"type":"Point","coordinates":[35.259229,33.239528]}},{"type":"Feature","properties":{"parcelNumber":"1765","approximate":false},"geometry":{"type":"Point","coordinates":[35.25912,33.239804]}},{"type":"Feature","properties":{"parcelNumber":"1766","approximate":false},"geometry":{"type":"Point","coordinates":[35.259423,33.240038]}},{"type":"Feature","properties":{"parcelNumber":"1767","approximate":false},"geometry":{"type":"Point","coordinates":[35.25996,33.240154]}},{"type":"Feature","properties":{"parcelNumber":"1768","approximate":false},"geometry":{"type":"Point","coordinates":[35.259631,33.24014]}},{"type":"Feature","properties":{"parcelNumber":"1769","approximate":false},"geometry":{"type":"Point","coordinates":[35.26031,33.240255]}},{"type":"Feature","properties":{"parcelNumber":"1770","approximate":false},"geometry":{"type":"Point","coordinates":[35.260486,33.262538]}},{"type":"Feature","properties":{"parcelNumber":"1771","approximate":false},"geometry":{"type":"Point","coordinates":[35.264001,33.263213]}},{"type":"Feature","properties":{"parcelNumber":"1772","approximate":false},"geometry":{"type":"Point","coordinates":[35.264269,33.263106]}},{"type":"Feature","properties":{"parcelNumber":"1773","approximate":false},"geometry":{"type":"Point","coordinates":[35.264499,33.263175]}},{"type":"Feature","properties":{"parcelNumber":"1774","approximate":false},"geometry":{"type":"Point","coordinates":[35.264693,33.263241]}},{"type":"Feature","properties":{"parcelNumber":"1775","approximate":false},"geometry":{"type":"Point","coordinates":[35.264957,33.263174]}},{"type":"Feature","properties":{"parcelNumber":"1777","approximate":false},"geometry":{"type":"Point","coordinates":[35.265457,33.263225]}},{"type":"Feature","properties":{"parcelNumber":"1778","approximate":false},"geometry":{"type":"Point","coordinates":[35.26483,33.263083]}},{"type":"Feature","properties":{"parcelNumber":"1779","approximate":false},"geometry":{"type":"Point","coordinates":[35.267072,33.263552]}},{"type":"Feature","properties":{"parcelNumber":"1780","approximate":false},"geometry":{"type":"Point","coordinates":[35.267343,33.264035]}},{"type":"Feature","properties":{"parcelNumber":"1781","approximate":false},"geometry":{"type":"Point","coordinates":[35.267072,33.263931]}},{"type":"Feature","properties":{"parcelNumber":"1782","approximate":false},"geometry":{"type":"Point","coordinates":[35.266598,33.263713]}},{"type":"Feature","properties":{"parcelNumber":"1783","approximate":false},"geometry":{"type":"Point","coordinates":[35.266254,33.263568]}},{"type":"Feature","properties":{"parcelNumber":"1784","approximate":false},"geometry":{"type":"Point","coordinates":[35.266013,33.263433]}},{"type":"Feature","properties":{"parcelNumber":"1786","approximate":false},"geometry":{"type":"Point","coordinates":[35.265691,33.263249]}},{"type":"Feature","properties":{"parcelNumber":"1787","approximate":false},"geometry":{"type":"Point","coordinates":[35.266668,33.263382]}},{"type":"Feature","properties":{"parcelNumber":"1788","approximate":false},"geometry":{"type":"Point","coordinates":[35.266798,33.263568]}},{"type":"Feature","properties":{"parcelNumber":"1789","approximate":false},"geometry":{"type":"Point","coordinates":[35.266856,33.263222]}},{"type":"Feature","properties":{"parcelNumber":"1790","approximate":false},"geometry":{"type":"Point","coordinates":[35.266839,33.263815]}},{"type":"Feature","properties":{"parcelNumber":"1791","approximate":false},"geometry":{"type":"Point","coordinates":[35.267273,33.262479]}},{"type":"Feature","properties":{"parcelNumber":"1792","approximate":false},"geometry":{"type":"Point","coordinates":[35.26705,33.262591]}},{"type":"Feature","properties":{"parcelNumber":"1793","approximate":false},"geometry":{"type":"Point","coordinates":[35.266885,33.262903]}},{"type":"Feature","properties":{"parcelNumber":"1796","approximate":false},"geometry":{"type":"Point","coordinates":[35.266643,33.262974]}},{"type":"Feature","properties":{"parcelNumber":"1797","approximate":false},"geometry":{"type":"Point","coordinates":[35.267261,33.262971]}},{"type":"Feature","properties":{"parcelNumber":"1801","approximate":false},"geometry":{"type":"Point","coordinates":[35.265901,33.263186]}},{"type":"Feature","properties":{"parcelNumber":"1802","approximate":false},"geometry":{"type":"Point","coordinates":[35.266218,33.263087]}},{"type":"Feature","properties":{"parcelNumber":"1803","approximate":false},"geometry":{"type":"Point","coordinates":[35.266366,33.262949]}},{"type":"Feature","properties":{"parcelNumber":"1810","approximate":false},"geometry":{"type":"Point","coordinates":[35.280492,33.253175]}},{"type":"Feature","properties":{"parcelNumber":"1811","approximate":false},"geometry":{"type":"Point","coordinates":[35.280754,33.253157]}},{"type":"Feature","properties":{"parcelNumber":"1812","approximate":false},"geometry":{"type":"Point","coordinates":[35.28098,33.253191]}},{"type":"Feature","properties":{"parcelNumber":"1813","approximate":false},"geometry":{"type":"Point","coordinates":[35.281251,33.253323]}},{"type":"Feature","properties":{"parcelNumber":"1814","approximate":false},"geometry":{"type":"Point","coordinates":[35.28164,33.253357]}},{"type":"Feature","properties":{"parcelNumber":"1815","approximate":false},"geometry":{"type":"Point","coordinates":[35.281931,33.253376]}},{"type":"Feature","properties":{"parcelNumber":"1816","approximate":false},"geometry":{"type":"Point","coordinates":[35.282249,33.253389]}},{"type":"Feature","properties":{"parcelNumber":"1817","approximate":false},"geometry":{"type":"Point","coordinates":[35.282584,33.253392]}},{"type":"Feature","properties":{"parcelNumber":"1818","approximate":false},"geometry":{"type":"Point","coordinates":[35.282887,33.253403]}},{"type":"Feature","properties":{"parcelNumber":"1819","approximate":false},"geometry":{"type":"Point","coordinates":[35.283133,33.253457]}},{"type":"Feature","properties":{"parcelNumber":"1820","approximate":false},"geometry":{"type":"Point","coordinates":[35.283634,33.253303]}},{"type":"Feature","properties":{"parcelNumber":"1821","approximate":false},"geometry":{"type":"Point","coordinates":[35.284024,33.253125]}},{"type":"Feature","properties":{"parcelNumber":"1822","approximate":false},"geometry":{"type":"Point","coordinates":[35.284336,33.253167]}},{"type":"Feature","properties":{"parcelNumber":"1823","approximate":false},"geometry":{"type":"Point","coordinates":[35.283302,33.253034]}},{"type":"Feature","properties":{"parcelNumber":"1824","approximate":false},"geometry":{"type":"Point","coordinates":[35.283017,33.25306]}},{"type":"Feature","properties":{"parcelNumber":"1825","approximate":false},"geometry":{"type":"Point","coordinates":[35.282643,33.253044]}},{"type":"Feature","properties":{"parcelNumber":"1826","approximate":false},"geometry":{"type":"Point","coordinates":[35.282317,33.25303]}},{"type":"Feature","properties":{"parcelNumber":"1827","approximate":false},"geometry":{"type":"Point","coordinates":[35.281894,33.253048]}},{"type":"Feature","properties":{"parcelNumber":"1828","approximate":false},"geometry":{"type":"Point","coordinates":[35.281377,33.253031]}},{"type":"Feature","properties":{"parcelNumber":"1829","approximate":false},"geometry":{"type":"Point","coordinates":[35.282898,33.253153]}},{"type":"Feature","properties":{"parcelNumber":"1830","approximate":false},"geometry":{"type":"Point","coordinates":[35.283368,33.253487]}},{"type":"Feature","properties":{"parcelNumber":"1831","approximate":false},"geometry":{"type":"Point","coordinates":[35.265386,33.263758]}},{"type":"Feature","properties":{"parcelNumber":"1836","approximate":false},"geometry":{"type":"Point","coordinates":[35.274972,33.258377]}},{"type":"Feature","properties":{"parcelNumber":"1837","approximate":false},"geometry":{"type":"Point","coordinates":[35.275052,33.258655]}},{"type":"Feature","properties":{"parcelNumber":"1838","approximate":false},"geometry":{"type":"Point","coordinates":[35.274757,33.258666]}},{"type":"Feature","properties":{"parcelNumber":"1839","approximate":false},"geometry":{"type":"Point","coordinates":[35.274822,33.258224]}},{"type":"Feature","properties":{"parcelNumber":"1841","approximate":false},"geometry":{"type":"Point","coordinates":[35.269519,33.262772]}},{"type":"Feature","properties":{"parcelNumber":"1842","approximate":false},"geometry":{"type":"Point","coordinates":[35.262066,33.25557]}},{"type":"Feature","properties":{"parcelNumber":"1845","approximate":false},"geometry":{"type":"Point","coordinates":[35.2738,33.248716]}},{"type":"Feature","properties":{"parcelNumber":"1846","approximate":false},"geometry":{"type":"Point","coordinates":[35.27432,33.249156]}},{"type":"Feature","properties":{"parcelNumber":"1847","approximate":false},"geometry":{"type":"Point","coordinates":[35.275381,33.255472]}},{"type":"Feature","properties":{"parcelNumber":"1848","approximate":false},"geometry":{"type":"Point","coordinates":[35.275063,33.255556]}},{"type":"Feature","properties":{"parcelNumber":"1849","approximate":false},"geometry":{"type":"Point","coordinates":[35.275466,33.255767]}},{"type":"Feature","properties":{"parcelNumber":"1850","approximate":false},"geometry":{"type":"Point","coordinates":[35.266732,33.253017]}},{"type":"Feature","properties":{"parcelNumber":"1851","approximate":false},"geometry":{"type":"Point","coordinates":[35.267048,33.252734]}},{"type":"Feature","properties":{"parcelNumber":"1853","approximate":false},"geometry":{"type":"Point","coordinates":[35.263493,33.26091]}},{"type":"Feature","properties":{"parcelNumber":"1854","approximate":false},"geometry":{"type":"Point","coordinates":[35.272828,33.256816]}},{"type":"Feature","properties":{"parcelNumber":"1855","approximate":false},"geometry":{"type":"Point","coordinates":[35.272426,33.256747]}},{"type":"Feature","properties":{"parcelNumber":"1856","approximate":false},"geometry":{"type":"Point","coordinates":[35.272397,33.256484]}},{"type":"Feature","properties":{"parcelNumber":"1857","approximate":false},"geometry":{"type":"Point","coordinates":[35.272611,33.256504]}},{"type":"Feature","properties":{"parcelNumber":"1859","approximate":false},"geometry":{"type":"Point","coordinates":[35.26449,33.254125]}},{"type":"Feature","properties":{"parcelNumber":"1860","approximate":false},"geometry":{"type":"Point","coordinates":[35.264552,33.254425]}},{"type":"Feature","properties":{"parcelNumber":"1861","approximate":false},"geometry":{"type":"Point","coordinates":[35.264575,33.254678]}},{"type":"Feature","properties":{"parcelNumber":"1862","approximate":false},"geometry":{"type":"Point","coordinates":[35.264248,33.254099]}},{"type":"Feature","properties":{"parcelNumber":"1864","approximate":false},"geometry":{"type":"Point","coordinates":[35.260912,33.25297]}},{"type":"Feature","properties":{"parcelNumber":"1865","approximate":false},"geometry":{"type":"Point","coordinates":[35.271021,33.250385]}},{"type":"Feature","properties":{"parcelNumber":"1866","approximate":false},"geometry":{"type":"Point","coordinates":[35.270559,33.250401]}},{"type":"Feature","properties":{"parcelNumber":"1867","approximate":false},"geometry":{"type":"Point","coordinates":[35.270303,33.250588]}},{"type":"Feature","properties":{"parcelNumber":"1868","approximate":false},"geometry":{"type":"Point","coordinates":[35.270011,33.250949]}},{"type":"Feature","properties":{"parcelNumber":"1869","approximate":false},"geometry":{"type":"Point","coordinates":[35.270795,33.2502]}},{"type":"Feature","properties":{"parcelNumber":"1870","approximate":false},"geometry":{"type":"Point","coordinates":[35.270215,33.250378]}},{"type":"Feature","properties":{"parcelNumber":"1871","approximate":false},"geometry":{"type":"Point","coordinates":[35.269812,33.250735]}},{"type":"Feature","properties":{"parcelNumber":"1872","approximate":false},"geometry":{"type":"Point","coordinates":[35.265229,33.238919]}},{"type":"Feature","properties":{"parcelNumber":"1873","approximate":false},"geometry":{"type":"Point","coordinates":[35.268196,33.261197]}},{"type":"Feature","properties":{"parcelNumber":"1874","approximate":false},"geometry":{"type":"Point","coordinates":[35.26969,33.261461]}},{"type":"Feature","properties":{"parcelNumber":"1875","approximate":false},"geometry":{"type":"Point","coordinates":[35.269999,33.2613]}},{"type":"Feature","properties":{"parcelNumber":"1876","approximate":false},"geometry":{"type":"Point","coordinates":[35.270273,33.261179]}},{"type":"Feature","properties":{"parcelNumber":"1877","approximate":false},"geometry":{"type":"Point","coordinates":[35.270573,33.261047]}},{"type":"Feature","properties":{"parcelNumber":"1878","approximate":false},"geometry":{"type":"Point","coordinates":[35.270836,33.260787]}},{"type":"Feature","properties":{"parcelNumber":"1879","approximate":false},"geometry":{"type":"Point","coordinates":[35.270792,33.26221]}},{"type":"Feature","properties":{"parcelNumber":"1880","approximate":false},"geometry":{"type":"Point","coordinates":[35.270473,33.26174]}},{"type":"Feature","properties":{"parcelNumber":"1881","approximate":false},"geometry":{"type":"Point","coordinates":[35.270821,33.261584]}},{"type":"Feature","properties":{"parcelNumber":"1882","approximate":false},"geometry":{"type":"Point","coordinates":[35.271141,33.26145]}},{"type":"Feature","properties":{"parcelNumber":"1883","approximate":false},"geometry":{"type":"Point","coordinates":[35.271382,33.26123]}},{"type":"Feature","properties":{"parcelNumber":"1884","approximate":false},"geometry":{"type":"Point","coordinates":[35.271364,33.260541]}},{"type":"Feature","properties":{"parcelNumber":"1885","approximate":false},"geometry":{"type":"Point","coordinates":[35.271746,33.260494]}},{"type":"Feature","properties":{"parcelNumber":"1886","approximate":false},"geometry":{"type":"Point","coordinates":[35.272148,33.260413]}},{"type":"Feature","properties":{"parcelNumber":"1887","approximate":false},"geometry":{"type":"Point","coordinates":[35.271101,33.261809]}},{"type":"Feature","properties":{"parcelNumber":"1888","approximate":false},"geometry":{"type":"Point","coordinates":[35.27053,33.261503]}},{"type":"Feature","properties":{"parcelNumber":"1889","approximate":false},"geometry":{"type":"Point","coordinates":[35.245498,33.242981]}},{"type":"Feature","properties":{"parcelNumber":"1890","approximate":false},"geometry":{"type":"Point","coordinates":[35.244595,33.244279]}},{"type":"Feature","properties":{"parcelNumber":"1891","approximate":false},"geometry":{"type":"Point","coordinates":[35.244998,33.243726]}},{"type":"Feature","properties":{"parcelNumber":"1892","approximate":false},"geometry":{"type":"Point","coordinates":[35.274432,33.261676]}},{"type":"Feature","properties":{"parcelNumber":"1893","approximate":false},"geometry":{"type":"Point","coordinates":[35.274069,33.261647]}},{"type":"Feature","properties":{"parcelNumber":"1894","approximate":false},"geometry":{"type":"Point","coordinates":[35.273738,33.261433]}},{"type":"Feature","properties":{"parcelNumber":"1895","approximate":false},"geometry":{"type":"Point","coordinates":[35.273241,33.26131]}},{"type":"Feature","properties":{"parcelNumber":"1896","approximate":false},"geometry":{"type":"Point","coordinates":[35.272663,33.261252]}},{"type":"Feature","properties":{"parcelNumber":"1898","approximate":false},"geometry":{"type":"Point","coordinates":[35.273526,33.261865]}},{"type":"Feature","properties":{"parcelNumber":"1899","approximate":false},"geometry":{"type":"Point","coordinates":[35.273242,33.261719]}},{"type":"Feature","properties":{"parcelNumber":"1900","approximate":false},"geometry":{"type":"Point","coordinates":[35.272927,33.261529]}},{"type":"Feature","properties":{"parcelNumber":"1901","approximate":false},"geometry":{"type":"Point","coordinates":[35.273739,33.261706]}},{"type":"Feature","properties":{"parcelNumber":"1902","approximate":false},"geometry":{"type":"Point","coordinates":[35.263204,33.26217]}},{"type":"Feature","properties":{"parcelNumber":"1903","approximate":false},"geometry":{"type":"Point","coordinates":[35.277984,33.251158]}},{"type":"Feature","properties":{"parcelNumber":"1904","approximate":false},"geometry":{"type":"Point","coordinates":[35.277965,33.250819]}},{"type":"Feature","properties":{"parcelNumber":"1905","approximate":false},"geometry":{"type":"Point","coordinates":[35.278153,33.250512]}},{"type":"Feature","properties":{"parcelNumber":"1906","approximate":false},"geometry":{"type":"Point","coordinates":[35.278424,33.25067]}},{"type":"Feature","properties":{"parcelNumber":"1907","approximate":false},"geometry":{"type":"Point","coordinates":[35.278718,33.250776]}},{"type":"Feature","properties":{"parcelNumber":"1908","approximate":false},"geometry":{"type":"Point","coordinates":[35.278534,33.250891]}},{"type":"Feature","properties":{"parcelNumber":"1909","approximate":false},"geometry":{"type":"Point","coordinates":[35.247748,33.252806]}},{"type":"Feature","properties":{"parcelNumber":"1911","approximate":false},"geometry":{"type":"Point","coordinates":[35.269226,33.255105]}},{"type":"Feature","properties":{"parcelNumber":"1914","approximate":false},"geometry":{"type":"Point","coordinates":[35.24696,33.252513]}},{"type":"Feature","properties":{"parcelNumber":"1915","approximate":false},"geometry":{"type":"Point","coordinates":[35.245553,33.253104]}},{"type":"Feature","properties":{"parcelNumber":"1916","approximate":false},"geometry":{"type":"Point","coordinates":[35.26957,33.258686]}},{"type":"Feature","properties":{"parcelNumber":"1918","approximate":false},"geometry":{"type":"Point","coordinates":[35.278054,33.252002]}},{"type":"Feature","properties":{"parcelNumber":"1919","approximate":false},"geometry":{"type":"Point","coordinates":[35.278374,33.2519]}},{"type":"Feature","properties":{"parcelNumber":"1920","approximate":false},"geometry":{"type":"Point","coordinates":[35.277907,33.251768]}},{"type":"Feature","properties":{"parcelNumber":"1921","approximate":false},"geometry":{"type":"Point","coordinates":[35.277921,33.251392]}},{"type":"Feature","properties":{"parcelNumber":"1922","approximate":false},"geometry":{"type":"Point","coordinates":[35.278213,33.251428]}},{"type":"Feature","properties":{"parcelNumber":"1923","approximate":false},"geometry":{"type":"Point","coordinates":[35.2786,33.251289]}},{"type":"Feature","properties":{"parcelNumber":"1924","approximate":false},"geometry":{"type":"Point","coordinates":[35.278516,33.251576]}},{"type":"Feature","properties":{"parcelNumber":"1925","approximate":false},"geometry":{"type":"Point","coordinates":[35.277593,33.251528]}},{"type":"Feature","properties":{"parcelNumber":"1926","approximate":false},"geometry":{"type":"Point","coordinates":[35.278232,33.251728]}},{"type":"Feature","properties":{"parcelNumber":"1930","approximate":false},"geometry":{"type":"Point","coordinates":[35.251881,33.241234]}},{"type":"Feature","properties":{"parcelNumber":"1931","approximate":false},"geometry":{"type":"Point","coordinates":[35.253306,33.24096]}},{"type":"Feature","properties":{"parcelNumber":"1932","approximate":false},"geometry":{"type":"Point","coordinates":[35.25497,33.240293]}},{"type":"Feature","properties":{"parcelNumber":"1933","approximate":false},"geometry":{"type":"Point","coordinates":[35.253086,33.239611]}}]}